X,Y,Boundary,Pressure,Velocity_X,Velocity_Y
-0.6000000000000001,-0.6000000000000001,True,0.0,0.0,0.0
-0.6000000000000001,-0.4000000000000001,True,0.0,0.0,0.0
-0.6000000000000001,-0.20000000000000007,True,0.0,0.0,0.0
-0.6000000000000001,0.0,True,0.0,0.0,0.0
-0.6000000000000001,0.19999999999999996,True,0.0,0.0,0.0
-0.6000000000000001,0.3999999999999999,True,0.0,0.0,0.0
-0.6000000000000001,0.6000000000000001,True,0.0,0.0,0.0
-0.6000000000000001,0.8,True,0.0,0.0,0.0
-0.6000000000000001,1.0,True,0.0,0.0,0.0
-0.6000000000000001,1.2,True,0.0,0.0,0.0
-0.6000000000000001,1.4,True,0.0,0.0,0.0
-0.6000000000000001,1.6,True,0.0,0.0,0.0
-0.6000000000000001,1.8000000000000003,True,0.0,0.0,0.0
-0.6000000000000001,2.0,True,0.0,0.0,0.0
-0.6000000000000001,2.2,True,0.0,0.0,0.0
-0.6000000000000001,2.4,True,0.0,0.0,0.0
-0.6000000000000001,2.6,True,0.0,0.0,0.0
-0.6000000000000001,2.8000000000000003,True,0.0,0.0,0.0
-0.6000000000000001,3.0,True,0.0,0.0,0.0
-0.6000000000000001,3.2,True,0.0,0.0,0.0
-0.6000000000000001,3.4,True,0.0,0.0,0.0
-0.6000000000000001,3.6,True,0.0,0.0,0.0
-0.6000000000000001,3.8000000000000003,True,0.0,0.0,0.0
-0.6000000000000001,4.0,True,0.0,0.0,0.0
-0.6000000000000001,4.200000000000001,True,0.0,0.0,0.0
-0.6000000000000001,4.4,True,0.0,0.0,0.0
-0.6000000000000001,4.6,True,0.0,0.0,0.0
-0.6000000000000001,4.800000000000001,True,0.0,0.0,0.0
-0.6000000000000001,5.0,True,0.0,0.0,0.0
-0.6000000000000001,5.200000000000001,True,0.0,0.0,0.0
-0.6000000000000001,5.4,True,0.0,0.0,0.0
-0.6000000000000001,5.6,True,0.0,0.0,0.0
-0.6000000000000001,5.800000000000001,True,0.0,0.0,0.0
-0.6000000000000001,6.0,True,0.0,0.0,0.0
-0.6000000000000001,6.200000000000001,True,0.0,0.0,0.0
-0.6000000000000001,6.4,True,0.0,0.0,0.0
-0.6000000000000001,6.6,True,0.0,0.0,0.0
-0.6000000000000001,6.800000000000001,True,0.0,0.0,0.0
-0.6000000000000001,7.0,True,0.0,0.0,0.0
-0.6000000000000001,7.200000000000001,True,0.0,0.0,0.0
-0.6000000000000001,7.4,True,0.0,0.0,0.0
-0.6000000000000001,7.600000000000001,True,0.0,0.0,0.0
-0.6000000000000001,7.800000000000001,True,0.0,0.0,0.0
-0.6000000000000001,8.0,True,0.0,0.0,0.0
-0.6000000000000001,8.200000000000001,True,0.0,0.0,0.0
-0.6000000000000001,8.4,True,0.0,0.0,0.0
-0.6000000000000001,8.600000000000001,True,0.0,0.0,0.0
-0.6000000000000001,8.8,True,0.0,0.0,0.0
-0.6000000000000001,9.000000000000002,True,0.0,0.0,0.0
-0.6000000000000001,9.200000000000001,True,0.0,0.0,0.0
-0.6000000000000001,9.4,True,0.0,0.0,0.0
-0.6000000000000001,9.600000000000001,True,0.0,0.0,0.0
-0.6000000000000001,9.8,True,0.0,0.0,0.0
-0.6000000000000001,10.000000000000002,True,0.0,0.0,0.0
-0.6000000000000001,10.200000000000001,True,0.0,0.0,0.0
-0.6000000000000001,10.4,True,0.0,0.0,0.0
-0.4000000000000001,-0.6000000000000001,True,0.0,0.0,0.0
-0.4000000000000001,-0.4000000000000001,True,0.0,0.0,0.0
-0.4000000000000001,-0.20000000000000007,True,0.0,0.0,0.0
-0.4000000000000001,0.0,True,0.0,0.0,0.0
-0.4000000000000001,0.19999999999999996,True,0.0,0.0,0.0
-0.4000000000000001,0.3999999999999999,True,0.0,0.0,0.0
-0.4000000000000001,0.6000000000000001,True,0.0,0.0,0.0
-0.4000000000000001,0.8,True,0.0,0.0,0.0
-0.4000000000000001,1.0,True,0.0,0.0,0.0
-0.4000000000000001,1.2,True,0.0,0.0,0.0
-0.4000000000000001,1.4,True,0.0,0.0,0.0
-0.4000000000000001,1.6,True,0.0,0.0,0.0
-0.4000000000000001,1.8000000000000003,True,0.0,0.0,0.0
-0.4000000000000001,2.0,True,0.0,0.0,0.0
-0.4000000000000001,2.2,True,0.0,0.0,0.0
-0.4000000000000001,2.4,True,0.0,0.0,0.0
-0.4000000000000001,2.6,True,0.0,0.0,0.0
-0.4000000000000001,2.8000000000000003,True,0.0,0.0,0.0
-0.4000000000000001,3.0,True,0.0,0.0,0.0
-0.4000000000000001,3.2,True,0.0,0.0,0.0
-0.4000000000000001,3.4,True,0.0,0.0,0.0
-0.4000000000000001,3.6,True,0.0,0.0,0.0
-0.4000000000000001,3.8000000000000003,True,0.0,0.0,0.0
-0.4000000000000001,4.0,True,0.0,0.0,0.0
-0.4000000000000001,4.200000000000001,True,0.0,0.0,0.0
-0.4000000000000001,4.4,True,0.0,0.0,0.0
-0.4000000000000001,4.6,True,0.0,0.0,0.0
-0.4000000000000001,4.800000000000001,True,0.0,0.0,0.0
-0.4000000000000001,5.0,True,0.0,0.0,0.0
-0.4000000000000001,5.200000000000001,True,0.0,0.0,0.0
-0.4000000000000001,5.4,True,0.0,0.0,0.0
-0.4000000000000001,5.6,True,0.0,0.0,0.0
-0.4000000000000001,5.800000000000001,True,0.0,0.0,0.0
-0.4000000000000001,6.0,True,0.0,0.0,0.0
-0.4000000000000001,6.200000000000001,True,0.0,0.0,0.0
-0.4000000000000001,6.4,True,0.0,0.0,0.0
-0.4000000000000001,6.6,True,0.0,0.0,0.0
-0.4000000000000001,6.800000000000001,True,0.0,0.0,0.0
-0.4000000000000001,7.0,True,0.0,0.0,0.0
-0.4000000000000001,7.200000000000001,True,0.0,0.0,0.0
-0.4000000000000001,7.4,True,0.0,0.0,0.0
-0.4000000000000001,7.600000000000001,True,0.0,0.0,0.0
-0.4000000000000001,7.800000000000001,True,0.0,0.0,0.0
-0.4000000000000001,8.0,True,0.0,0.0,0.0
-0.4000000000000001,8.200000000000001,True,0.0,0.0,0.0
-0.4000000000000001,8.4,True,0.0,0.0,0.0
-0.4000000000000001,8.600000000000001,True,0.0,0.0,0.0
-0.4000000000000001,8.8,True,0.0,0.0,0.0
-0.4000000000000001,9.000000000000002,True,0.0,0.0,0.0
-0.4000000000000001,9.200000000000001,True,0.0,0.0,0.0
-0.4000000000000001,9.4,True,0.0,0.0,0.0
-0.4000000000000001,9.600000000000001,True,0.0,0.0,0.0
-0.4000000000000001,9.8,True,0.0,0.0,0.0
-0.4000000000000001,10.000000000000002,True,0.0,0.0,0.0
-0.4000000000000001,10.200000000000001,True,0.0,0.0,0.0
-0.4000000000000001,10.4,True,0.0,0.0,0.0
-0.20000000000000007,-0.6000000000000001,True,0.0,0.0,0.0
-0.20000000000000007,-0.4000000000000001,True,0.0,0.0,0.0
-0.20000000000000007,-0.20000000000000007,True,0.0,0.0,0.0
-0.20000000000000007,0.0,True,0.0,0.0,0.0
-0.20000000000000007,0.19999999999999996,True,0.0,0.0,0.0
-0.20000000000000007,0.3999999999999999,True,0.0,0.0,0.0
-0.20000000000000007,0.6000000000000001,True,0.0,0.0,0.0
-0.20000000000000007,0.8,True,0.0,0.0,0.0
-0.20000000000000007,1.0,True,0.0,0.0,0.0
-0.20000000000000007,1.2,True,0.0,0.0,0.0
-0.20000000000000007,1.4,True,0.0,0.0,0.0
-0.20000000000000007,1.6,True,0.0,0.0,0.0
-0.20000000000000007,1.8000000000000003,True,0.0,0.0,0.0
-0.20000000000000007,2.0,True,0.0,0.0,0.0
-0.20000000000000007,2.2,True,0.0,0.0,0.0
-0.20000000000000007,2.4,True,0.0,0.0,0.0
-0.20000000000000007,2.6,True,0.0,0.0,0.0
-0.20000000000000007,2.8000000000000003,True,0.0,0.0,0.0
-0.20000000000000007,3.0,True,0.0,0.0,0.0
-0.20000000000000007,3.2,True,0.0,0.0,0.0
-0.20000000000000007,3.4,True,0.0,0.0,0.0
-0.20000000000000007,3.6,True,0.0,0.0,0.0
-0.20000000000000007,3.8000000000000003,True,0.0,0.0,0.0
-0.20000000000000007,4.0,True,0.0,0.0,0.0
-0.20000000000000007,4.200000000000001,True,0.0,0.0,0.0
-0.20000000000000007,4.4,True,0.0,0.0,0.0
-0.20000000000000007,4.6,True,0.0,0.0,0.0
-0.20000000000000007,4.800000000000001,True,0.0,0.0,0.0
-0.20000000000000007,5.0,True,0.0,0.0,0.0
-0.20000000000000007,5.200000000000001,True,0.0,0.0,0.0
-0.20000000000000007,5.4,True,0.0,0.0,0.0
-0.20000000000000007,5.6,True,0.0,0.0,0.0
-0.20000000000000007,5.800000000000001,True,0.0,0.0,0.0
-0.20000000000000007,6.0,True,0.0,0.0,0.0
-0.20000000000000007,6.200000000000001,True,0.0,0.0,0.0
-0.20000000000000007,6.4,True,0.0,0.0,0.0
-0.20000000000000007,6.6,True,0.0,0.0,0.0
-0.20000000000000007,6.800000000000001,True,0.0,0.0,0.0
-0.20000000000000007,7.0,True,0.0,0.0,0.0
-0.20000000000000007,7.200000000000001,True,0.0,0.0,0.0
-0.20000000000000007,7.4,True,0.0,0.0,0.0
-0.20000000000000007,7.600000000000001,True,0.0,0.0,0.0
-0.20000000000000007,7.800000000000001,True,0.0,0.0,0.0
-0.20000000000000007,8.0,True,0.0,0.0,0.0
-0.20000000000000007,8.200000000000001,True,0.0,0.0,0.0
-0.20000000000000007,8.4,True,0.0,0.0,0.0
-0.20000000000000007,8.600000000000001,True,0.0,0.0,0.0
-0.20000000000000007,8.8,True,0.0,0.0,0.0
-0.20000000000000007,9.000000000000002,True,0.0,0.0,0.0
-0.20000000000000007,9.200000000000001,True,0.0,0.0,0.0
-0.20000000000000007,9.4,True,0.0,0.0,0.0
-0.20000000000000007,9.600000000000001,True,0.0,0.0,0.0
-0.20000000000000007,9.8,True,0.0,0.0,0.0
-0.20000000000000007,10.000000000000002,True,0.0,0.0,0.0
-0.20000000000000007,10.200000000000001,True,0.0,0.0,0.0
-0.20000000000000007,10.4,True,0.0,0.0,0.0
0.0,-0.6000000000000001,True,0.0,0.0,0.0
0.0,-0.4000000000000001,True,0.0,0.0,0.0
0.0,-0.20000000000000007,True,0.0,0.0,0.0
0.0,0.0,True,0.0,0.0,0.0
0.0,0.19999999999999996,True,0.0,0.0,0.0
0.0,0.3999999999999999,True,0.0,0.0,0.0
0.0,0.6000000000000001,True,0.0,0.0,0.0
0.0,0.8,True,0.0,0.0,0.0
0.0,1.0,True,0.0,0.0,0.0
0.0,1.2,True,0.0,0.0,0.0
0.0,1.4,True,0.0,0.0,0.0
0.0,1.6,True,0.0,0.0,0.0
0.0,1.8000000000000003,True,0.0,0.0,0.0
0.0,2.0,True,0.0,0.0,0.0
0.0,2.2,True,0.0,0.0,0.0
0.0,2.4,True,0.0,0.0,0.0
0.0,2.6,True,0.0,0.0,0.0
0.0,2.8000000000000003,True,0.0,0.0,0.0
0.0,3.0,True,0.0,0.0,0.0
0.0,3.2,True,0.0,0.0,0.0
0.0,3.4,True,0.0,0.0,0.0
0.0,3.6,True,0.0,0.0,0.0
0.0,3.8000000000000003,True,0.0,0.0,0.0
0.0,4.0,True,0.0,0.0,0.0
0.0,4.200000000000001,True,0.0,0.0,0.0
0.0,4.4,True,0.0,0.0,0.0
0.0,4.6,True,0.0,0.0,0.0
0.0,4.800000000000001,True,0.0,0.0,0.0
0.0,5.0,True,0.0,0.0,0.0
0.0,5.200000000000001,True,0.0,0.0,0.0
0.0,5.4,True,0.0,0.0,0.0
0.0,5.6,True,0.0,0.0,0.0
0.0,5.800000000000001,True,0.0,0.0,0.0
0.0,6.0,True,0.0,0.0,0.0
0.0,6.200000000000001,True,0.0,0.0,0.0
0.0,6.4,True,0.0,0.0,0.0
0.0,6.6,True,0.0,0.0,0.0
0.0,6.800000000000001,True,0.0,0.0,0.0
0.0,7.0,True,0.0,0.0,0.0
0.0,7.200000000000001,True,0.0,0.0,0.0
0.0,7.4,True,0.0,0.0,0.0
0.0,7.600000000000001,True,0.0,0.0,0.0
0.0,7.800000000000001,True,0.0,0.0,0.0
0.0,8.0,True,0.0,0.0,0.0
0.0,8.200000000000001,True,0.0,0.0,0.0
0.0,8.4,True,0.0,0.0,0.0
0.0,8.600000000000001,True,0.0,0.0,0.0
0.0,8.8,True,0.0,0.0,0.0
0.0,9.000000000000002,True,0.0,0.0,0.0
0.0,9.200000000000001,True,0.0,0.0,0.0
0.0,9.4,True,0.0,0.0,0.0
0.0,9.600000000000001,True,0.0,0.0,0.0
0.0,9.8,True,0.0,0.0,0.0
0.0,10.000000000000002,True,0.0,0.0,0.0
0.0,10.200000000000001,True,0.0,0.0,0.0
0.0,10.4,True,0.0,0.0,0.0
0.19999999999999996,-0.6000000000000001,True,0.0,0.0,0.0
0.19999999999999996,-0.4000000000000001,True,0.0,0.0,0.0
0.19999999999999996,-0.20000000000000007,True,0.0,0.0,0.0
0.19999999999999996,0.0,True,0.0,0.0,0.0
0.19999999999999996,10.000000000000002,True,0.0,0.0,0.0
0.19999999999999996,10.200000000000001,True,0.0,0.0,0.0
0.19999999999999996,10.4,True,0.0,0.0,0.0
0.3999999999999999,-0.6000000000000001,True,0.0,0.0,0.0
0.3999999999999999,-0.4000000000000001,True,0.0,0.0,0.0
0.3999999999999999,-0.20000000000000007,True,0.0,0.0,0.0
0.3999999999999999,0.0,True,0.0,0.0,0.0
0.3999999999999999,10.000000000000002,True,0.0,0.0,0.0
0.3999999999999999,10.200000000000001,True,0.0,0.0,0.0
0.3999999999999999,10.4,True,0.0,0.0,0.0
0.6000000000000001,-0.6000000000000001,True,0.0,0.0,0.0
0.6000000000000001,-0.4000000000000001,True,0.0,0.0,0.0
0.6000000000000001,-0.20000000000000007,True,0.0,0.0,0.0
0.6000000000000001,0.0,True,0.0,0.0,0.0
0.6000000000000001,10.000000000000002,True,0.0,0.0,0.0
0.6000000000000001,10.200000000000001,True,0.0,0.0,0.0
0.6000000000000001,10.4,True,0.0,0.0,0.0
0.8,-0.6000000000000001,True,0.0,0.0,0.0
0.8,-0.4000000000000001,True,0.0,0.0,0.0
0.8,-0.20000000000000007,True,0.0,0.0,0.0
0.8,0.0,True,0.0,0.0,0.0
0.8,10.000000000000002,True,0.0,0.0,0.0
0.8,10.200000000000001,True,0.0,0.0,0.0
0.8,10.4,True,0.0,0.0,0.0
1.0,-0.6000000000000001,True,0.0,0.0,0.0
1.0,-0.4000000000000001,True,0.0,0.0,0.0
1.0,-0.20000000000000007,True,0.0,0.0,0.0
1.0,0.0,True,0.0,0.0,0.0
1.0,10.000000000000002,True,0.0,0.0,0.0
1.0,10.200000000000001,True,0.0,0.0,0.0
1.0,10.4,True,0.0,0.0,0.0
1.2,-0.6000000000000001,True,0.0,0.0,0.0
1.2,-0.4000000000000001,True,0.0,0.0,0.0
1.2,-0.20000000000000007,True,0.0,0.0,0.0
1.2,0.0,True,0.0,0.0,0.0
1.2,10.000000000000002,True,0.0,0.0,0.0
1.2,10.200000000000001,True,0.0,0.0,0.0
1.2,10.4,True,0.0,0.0,0.0
1.4,-0.6000000000000001,True,0.0,0.0,0.0
1.4,-0.4000000000000001,True,0.0,0.0,0.0
1.4,-0.20000000000000007,True,0.0,0.0,0.0
1.4,0.0,True,0.0,0.0,0.0
1.4,10.000000000000002,True,0.0,0.0,0.0
1.4,10.200000000000001,True,0.0,0.0,0.0
1.4,10.4,True,0.0,0.0,0.0
1.6,-0.6000000000000001,True,0.0,0.0,0.0
1.6,-0.4000000000000001,True,0.0,0.0,0.0
1.6,-0.20000000000000007,True,0.0,0.0,0.0
1.6,0.0,True,0.0,0.0,0.0
1.6,10.000000000000002,True,0.0,0.0,0.0
1.6,10.200000000000001,True,0.0,0.0,0.0
1.6,10.4,True,0.0,0.0,0.0
1.8000000000000003,-0.6000000000000001,True,0.0,0.0,0.0
1.8000000000000003,-0.4000000000000001,True,0.0,0.0,0.0
1.8000000000000003,-0.20000000000000007,True,0.0,0.0,0.0
1.8000000000000003,0.0,True,0.0,0.0,0.0
1.8000000000000003,10.000000000000002,True,0.0,0.0,0.0
1.8000000000000003,10.200000000000001,True,0.0,0.0,0.0
1.8000000000000003,10.4,True,0.0,0.0,0.0
2.0,-0.6000000000000001,True,0.0,0.0,0.0
2.0,-0.4000000000000001,True,0.0,0.0,0.0
2.0,-0.20000000000000007,True,0.0,0.0,0.0
2.0,0.0,True,0.0,0.0,0.0
2.0,10.000000000000002,True,0.0,0.0,0.0
2.0,10.200000000000001,True,0.0,0.0,0.0
2.0,10.4,True,0.0,0.0,0.0
2.2,-0.6000000000000001,True,0.0,0.0,0.0
2.2,-0.4000000000000001,True,0.0,0.0,0.0
2.2,-0.20000000000000007,True,0.0,0.0,0.0
2.2,0.0,True,0.0,0.0,0.0
2.2,10.000000000000002,True,0.0,0.0,0.0
2.2,10.200000000000001,True,0.0,0.0,0.0
2.2,10.4,True,0.0,0.0,0.0
2.4,-0.6000000000000001,True,0.0,0.0,0.0
2.4,-0.4000000000000001,True,0.0,0.0,0.0
2.4,-0.20000000000000007,True,0.0,0.0,0.0
2.4,0.0,True,0.0,0.0,0.0
2.4,10.000000000000002,True,0.0,0.0,0.0
2.4,10.200000000000001,True,0.0,0.0,0.0
2.4,10.4,True,0.0,0.0,0.0
2.6,-0.6000000000000001,True,0.0,0.0,0.0
2.6,-0.4000000000000001,True,0.0,0.0,0.0
2.6,-0.20000000000000007,True,0.0,0.0,0.0
2.6,0.0,True,0.0,0.0,0.0
2.6,10.000000000000002,True,0.0,0.0,0.0
2.6,10.200000000000001,True,0.0,0.0,0.0
2.6,10.4,True,0.0,0.0,0.0
2.8000000000000003,-0.6000000000000001,True,0.0,0.0,0.0
2.8000000000000003,-0.4000000000000001,True,0.0,0.0,0.0
2.8000000000000003,-0.20000000000000007,True,0.0,0.0,0.0
2.8000000000000003,0.0,True,0.0,0.0,0.0
2.8000000000000003,10.000000000000002,True,0.0,0.0,0.0
2.8000000000000003,10.200000000000001,True,0.0,0.0,0.0
2.8000000000000003,10.4,True,0.0,0.0,0.0
3.0,-0.6000000000000001,True,0.0,0.0,0.0
3.0,-0.4000000000000001,True,0.0,0.0,0.0
3.0,-0.20000000000000007,True,0.0,0.0,0.0
3.0,0.0,True,0.0,0.0,0.0
3.0,10.000000000000002,True,0.0,0.0,0.0
3.0,10.200000000000001,True,0.0,0.0,0.0
3.0,10.4,True,0.0,0.0,0.0
3.2,-0.6000000000000001,True,0.0,0.0,0.0
3.2,-0.4000000000000001,True,0.0,0.0,0.0
3.2,-0.20000000000000007,True,0.0,0.0,0.0
3.2,0.0,True,0.0,0.0,0.0
3.2,10.000000000000002,True,0.0,0.0,0.0
3.2,10.200000000000001,True,0.0,0.0,0.0
3.2,10.4,True,0.0,0.0,0.0
3.4,-0.6000000000000001,True,0.0,0.0,0.0
3.4,-0.4000000000000001,True,0.0,0.0,0.0
3.4,-0.20000000000000007,True,0.0,0.0,0.0
3.4,0.0,True,0.0,0.0,0.0
3.4,10.000000000000002,True,0.0,0.0,0.0
3.4,10.200000000000001,True,0.0,0.0,0.0
3.4,10.4,True,0.0,0.0,0.0
3.6,-0.6000000000000001,True,0.0,0.0,0.0
3.6,-0.4000000000000001,True,0.0,0.0,0.0
3.6,-0.20000000000000007,True,0.0,0.0,0.0
3.6,0.0,True,0.0,0.0,0.0
3.6,10.000000000000002,True,0.0,0.0,0.0
3.6,10.200000000000001,True,0.0,0.0,0.0
3.6,10.4,True,0.0,0.0,0.0
3.8000000000000003,-0.6000000000000001,True,0.0,0.0,0.0
3.8000000000000003,-0.4000000000000001,True,0.0,0.0,0.0
3.8000000000000003,-0.20000000000000007,True,0.0,0.0,0.0
3.8000000000000003,0.0,True,0.0,0.0,0.0
3.8000000000000003,10.000000000000002,True,0.0,0.0,0.0
3.8000000000000003,10.200000000000001,True,0.0,0.0,0.0
3.8000000000000003,10.4,True,0.0,0.0,0.0
4.0,-0.6000000000000001,True,0.0,0.0,0.0
4.0,-0.4000000000000001,True,0.0,0.0,0.0
4.0,-0.20000000000000007,True,0.0,0.0,0.0
4.0,0.0,True,0.0,0.0,0.0
4.0,10.000000000000002,True,0.0,0.0,0.0
4.0,10.200000000000001,True,0.0,0.0,0.0
4.0,10.4,True,0.0,0.0,0.0
4.200000000000001,-0.6000000000000001,True,0.0,0.0,0.0
4.200000000000001,-0.4000000000000001,True,0.0,0.0,0.0
4.200000000000001,-0.20000000000000007,True,0.0,0.0,0.0
4.200000000000001,0.0,True,0.0,0.0,0.0
4.200000000000001,10.000000000000002,True,0.0,0.0,0.0
4.200000000000001,10.200000000000001,True,0.0,0.0,0.0
4.200000000000001,10.4,True,0.0,0.0,0.0
4.4,-0.6000000000000001,True,0.0,0.0,0.0
4.4,-0.4000000000000001,True,0.0,0.0,0.0
4.4,-0.20000000000000007,True,0.0,0.0,0.0
4.4,0.0,True,0.0,0.0,0.0
4.4,10.000000000000002,True,0.0,0.0,0.0
4.4,10.200000000000001,True,0.0,0.0,0.0
4.4,10.4,True,0.0,0.0,0.0
4.6,-0.6000000000000001,True,0.0,0.0,0.0
4.6,-0.4000000000000001,True,0.0,0.0,0.0
4.6,-0.20000000000000007,True,0.0,0.0,0.0
4.6,0.0,True,0.0,0.0,0.0
4.6,10.000000000000002,True,0.0,0.0,0.0
4.6,10.200000000000001,True,0.0,0.0,0.0
4.6,10.4,True,0.0,0.0,0.0
4.800000000000001,-0.6000000000000001,True,0.0,0.0,0.0
4.800000000000001,-0.4000000000000001,True,0.0,0.0,0.0
4.800000000000001,-0.20000000000000007,True,0.0,0.0,0.0
4.800000000000001,0.0,True,0.0,0.0,0.0
4.800000000000001,10.000000000000002,True,0.0,0.0,0.0
4.800000000000001,10.200000000000001,True,0.0,0.0,0.0
4.800000000000001,10.4,True,0.0,0.0,0.0
5.0,-0.6000000000000001,True,0.0,0.0,0.0
5.0,-0.4000000000000001,True,0.0,0.0,0.0
5.0,-0.20000000000000007,True,0.0,0.0,0.0
5.0,0.0,True,0.0,0.0,0.0
5.0,10.000000000000002,True,0.0,0.0,0.0
5.0,10.200000000000001,True,0.0,0.0,0.0
5.0,10.4,True,0.0,0.0,0.0
5.200000000000001,-0.6000000000000001,True,0.0,0.0,0.0
5.200000000000001,-0.4000000000000001,True,0.0,0.0,0.0
5.200000000000001,-0.20000000000000007,True,0.0,0.0,0.0
5.200000000000001,0.0,True,0.0,0.0,0.0
5.200000000000001,10.000000000000002,True,0.0,0.0,0.0
5.200000000000001,10.200000000000001,True,0.0,0.0,0.0
5.200000000000001,10.4,True,0.0,0.0,0.0
5.4,-0.6000000000000001,True,0.0,0.0,0.0
5.4,-0.4000000000000001,True,0.0,0.0,0.0
5.4,-0.20000000000000007,True,0.0,0.0,0.0
5.4,0.0,True,0.0,0.0,0.0
5.4,10.000000000000002,True,0.0,0.0,0.0
5.4,10.200000000000001,True,0.0,0.0,0.0
5.4,10.4,True,0.0,0.0,0.0
5.6,-0.6000000000000001,True,0.0,0.0,0.0
5.6,-0.4000000000000001,True,0.0,0.0,0.0
5.6,-0.20000000000000007,True,0.0,0.0,0.0
5.6,0.0,True,0.0,0.0,0.0
5.6,10.000000000000002,True,0.0,0.0,0.0
5.6,10.200000000000001,True,0.0,0.0,0.0
5.6,10.4,True,0.0,0.0,0.0
5.800000000000001,-0.6000000000000001,True,0.0,0.0,0.0
5.800000000000001,-0.4000000000000001,True,0.0,0.0,0.0
5.800000000000001,-0.20000000000000007,True,0.0,0.0,0.0
5.800000000000001,0.0,True,0.0,0.0,0.0
5.800000000000001,10.000000000000002,True,0.0,0.0,0.0
5.800000000000001,10.200000000000001,True,0.0,0.0,0.0
5.800000000000001,10.4,True,0.0,0.0,0.0
6.0,-0.6000000000000001,True,0.0,0.0,0.0
6.0,-0.4000000000000001,True,0.0,0.0,0.0
6.0,-0.20000000000000007,True,0.0,0.0,0.0
6.0,0.0,True,0.0,0.0,0.0
6.0,10.000000000000002,True,0.0,0.0,0.0
6.0,10.200000000000001,True,0.0,0.0,0.0
6.0,10.4,True,0.0,0.0,0.0
6.200000000000001,-0.6000000000000001,True,0.0,0.0,0.0
6.200000000000001,-0.4000000000000001,True,0.0,0.0,0.0
6.200000000000001,-0.20000000000000007,True,0.0,0.0,0.0
6.200000000000001,0.0,True,0.0,0.0,0.0
6.200000000000001,10.000000000000002,True,0.0,0.0,0.0
6.200000000000001,10.200000000000001,True,0.0,0.0,0.0
6.200000000000001,10.4,True,0.0,0.0,0.0
6.4,-0.6000000000000001,True,0.0,0.0,0.0
6.4,-0.4000000000000001,True,0.0,0.0,0.0
6.4,-0.20000000000000007,True,0.0,0.0,0.0
6.4,0.0,True,0.0,0.0,0.0
6.4,10.000000000000002,True,0.0,0.0,0.0
6.4,10.200000000000001,True,0.0,0.0,0.0
6.4,10.4,True,0.0,0.0,0.0
6.6,-0.6000000000000001,True,0.0,0.0,0.0
6.6,-0.4000000000000001,True,0.0,0.0,0.0
6.6,-0.20000000000000007,True,0.0,0.0,0.0
6.6,0.0,True,0.0,0.0,0.0
6.6,10.000000000000002,True,0.0,0.0,0.0
6.6,10.200000000000001,True,0.0,0.0,0.0
6.6,10.4,True,0.0,0.0,0.0
6.800000000000001,-0.6000000000000001,True,0.0,0.0,0.0
6.800000000000001,-0.4000000000000001,True,0.0,0.0,0.0
6.800000000000001,-0.20000000000000007,True,0.0,0.0,0.0
6.800000000000001,0.0,True,0.0,0.0,0.0
6.800000000000001,10.000000000000002,True,0.0,0.0,0.0
6.800000000000001,10.200000000000001,True,0.0,0.0,0.0
6.800000000000001,10.4,True,0.0,0.0,0.0
7.0,-0.6000000000000001,True,0.0,0.0,0.0
7.0,-0.4000000000000001,True,0.0,0.0,0.0
7.0,-0.20000000000000007,True,0.0,0.0,0.0
7.0,0.0,True,0.0,0.0,0.0
7.0,10.000000000000002,True,0.0,0.0,0.0
7.0,10.200000000000001,True,0.0,0.0,0.0
7.0,10.4,True,0.0,0.0,0.0
7.200000000000001,-0.6000000000000001,True,0.0,0.0,0.0
7.200000000000001,-0.4000000000000001,True,0.0,0.0,0.0
7.200000000000001,-0.20000000000000007,True,0.0,0.0,0.0
7.200000000000001,0.0,True,0.0,0.0,0.0
7.200000000000001,10.000000000000002,True,0.0,0.0,0.0
7.200000000000001,10.200000000000001,True,0.0,0.0,0.0
7.200000000000001,10.4,True,0.0,0.0,0.0
7.4,-0.6000000000000001,True,0.0,0.0,0.0
7.4,-0.4000000000000001,True,0.0,0.0,0.0
7.4,-0.20000000000000007,True,0.0,0.0,0.0
7.4,0.0,True,0.0,0.0,0.0
7.4,10.000000000000002,True,0.0,0.0,0.0
7.4,10.200000000000001,True,0.0,0.0,0.0
7.4,10.4,True,0.0,0.0,0.0
7.600000000000001,-0.6000000000000001,True,0.0,0.0,0.0
7.600000000000001,-0.4000000000000001,True,0.0,0.0,0.0
7.600000000000001,-0.20000000000000007,True,0.0,0.0,0.0
7.600000000000001,0.0,True,0.0,0.0,0.0
7.600000000000001,10.000000000000002,True,0.0,0.0,0.0
7.600000000000001,10.200000000000001,True,0.0,0.0,0.0
7.600000000000001,10.4,True,0.0,0.0,0.0
7.800000000000001,-0.6000000000000001,True,0.0,0.0,0.0
7.800000000000001,-0.4000000000000001,True,0.0,0.0,0.0
7.800000000000001,-0.20000000000000007,True,0.0,0.0,0.0
7.800000000000001,0.0,True,0.0,0.0,0.0
7.800000000000001,10.000000000000002,True,0.0,0.0,0.0
7.800000000000001,10.200000000000001,True,0.0,0.0,0.0
7.800000000000001,10.4,True,0.0,0.0,0.0
8.0,-0.6000000000000001,True,0.0,0.0,0.0
8.0,-0.4000000000000001,True,0.0,0.0,0.0
8.0,-0.20000000000000007,True,0.0,0.0,0.0
8.0,0.0,True,0.0,0.0,0.0
8.0,10.000000000000002,True,0.0,0.0,0.0
8.0,10.200000000000001,True,0.0,0.0,0.0
8.0,10.4,True,0.0,0.0,0.0
8.200000000000001,-0.6000000000000001,True,0.0,0.0,0.0
8.200000000000001,-0.4000000000000001,True,0.0,0.0,0.0
8.200000000000001,-0.20000000000000007,True,0.0,0.0,0.0
8.200000000000001,0.0,True,0.0,0.0,0.0
8.200000000000001,10.000000000000002,True,0.0,0.0,0.0
8.200000000000001,10.200000000000001,True,0.0,0.0,0.0
8.200000000000001,10.4,True,0.0,0.0,0.0
8.4,-0.6000000000000001,True,0.0,0.0,0.0
8.4,-0.4000000000000001,True,0.0,0.0,0.0
8.4,-0.20000000000000007,True,0.0,0.0,0.0
8.4,0.0,True,0.0,0.0,0.0
8.4,10.000000000000002,True,0.0,0.0,0.0
8.4,10.200000000000001,True,0.0,0.0,0.0
8.4,10.4,True,0.0,0.0,0.0
8.600000000000001,-0.6000000000000001,True,0.0,0.0,0.0
8.600000000000001,-0.4000000000000001,True,0.0,0.0,0.0
8.600000000000001,-0.20000000000000007,True,0.0,0.0,0.0
8.600000000000001,0.0,True,0.0,0.0,0.0
8.600000000000001,10.000000000000002,True,0.0,0.0,0.0
8.600000000000001,10.200000000000001,True,0.0,0.0,0.0
8.600000000000001,10.4,True,0.0,0.0,0.0
8.8,-0.6000000000000001,True,0.0,0.0,0.0
8.8,-0.4000000000000001,True,0.0,0.0,0.0
8.8,-0.20000000000000007,True,0.0,0.0,0.0
8.8,0.0,True,0.0,0.0,0.0
8.8,10.000000000000002,True,0.0,0.0,0.0
8.8,10.200000000000001,True,0.0,0.0,0.0
8.8,10.4,True,0.0,0.0,0.0
9.000000000000002,-0.6000000000000001,True,0.0,0.0,0.0
9.000000000000002,-0.4000000000000001,True,0.0,0.0,0.0
9.000000000000002,-0.20000000000000007,True,0.0,0.0,0.0
9.000000000000002,0.0,True,0.0,0.0,0.0
9.000000000000002,10.000000000000002,True,0.0,0.0,0.0
9.000000000000002,10.200000000000001,True,0.0,0.0,0.0
9.000000000000002,10.4,True,0.0,0.0,0.0
9.200000000000001,-0.6000000000000001,True,0.0,0.0,0.0
9.200000000000001,-0.4000000000000001,True,0.0,0.0,0.0
9.200000000000001,-0.20000000000000007,True,0.0,0.0,0.0
9.200000000000001,0.0,True,0.0,0.0,0.0
9.200000000000001,10.000000000000002,True,0.0,0.0,0.0
9.200000000000001,10.200000000000001,True,0.0,0.0,0.0
9.200000000000001,10.4,True,0.0,0.0,0.0
9.4,-0.6000000000000001,True,0.0,0.0,0.0
9.4,-0.4000000000000001,True,0.0,0.0,0.0
9.4,-0.20000000000000007,True,0.0,0.0,0.0
9.4,0.0,True,0.0,0.0,0.0
9.4,10.000000000000002,True,0.0,0.0,0.0
9.4,10.200000000000001,True,0.0,0.0,0.0
9.4,10.4,True,0.0,0.0,0.0
9.600000000000001,-0.6000000000000001,True,0.0,0.0,0.0
9.600000000000001,-0.4000000000000001,True,0.0,0.0,0.0
9.600000000000001,-0.20000000000000007,True,0.0,0.0,0.0
9.600000000000001,0.0,True,0.0,0.0,0.0
9.600000000000001,10.000000000000002,True,0.0,0.0,0.0
9.600000000000001,10.200000000000001,True,0.0,0.0,0.0
9.600000000000001,10.4,True,0.0,0.0,0.0
9.8,-0.6000000000000001,True,0.0,0.0,0.0
9.8,-0.4000000000000001,True,0.0,0.0,0.0
9.8,-0.20000000000000007,True,0.0,0.0,0.0
9.8,0.0,True,0.0,0.0,0.0
9.8,10.000000000000002,True,0.0,0.0,0.0
9.8,10.200000000000001,True,0.0,0.0,0.0
9.8,10.4,True,0.0,0.0,0.0
10.000000000000002,-0.6000000000000001,True,0.0,0.0,0.0
10.000000000000002,-0.4000000000000001,True,0.0,0.0,0.0
10.000000000000002,-0.20000000000000007,True,0.0,0.0,0.0
10.000000000000002,0.0,True,0.0,0.0,0.0
10.000000000000002,10.000000000000002,True,0.0,0.0,0.0
10.000000000000002,10.200000000000001,True,0.0,0.0,0.0
10.000000000000002,10.4,True,0.0,0.0,0.0
10.200000000000001,-0.6000000000000001,True,0.0,0.0,0.0
10.200000000000001,-0.4000000000000001,True,0.0,0.0,0.0
10.200000000000001,-0.20000000000000007,True,0.0,0.0,0.0
10.200000000000001,0.0,True,0.0,0.0,0.0
10.200000000000001,10.000000000000002,True,0.0,0.0,0.0
10.200000000000001,10.200000000000001,True,0.0,0.0,0.0
10.200000000000001,10.4,True,0.0,0.0,0.0
10.4,-0.6000000000000001,True,0.0,0.0,0.0
10.4,-0.4000000000000001,True,0.0,0.0,0.0
10.4,-0.20000000000000007,True,0.0,0.0,0.0
10.4,0.0,True,0.0,0.0,0.0
10.4,10.000000000000002,True,0.0,0.0,0.0
10.4,10.200000000000001,True,0.0,0.0,0.0
10.4,10.4,True,0.0,0.0,0.0
10.600000000000001,-0.6000000000000001,True,0.0,0.0,0.0
10.600000000000001,-0.4000000000000001,True,0.0,0.0,0.0
10.600000000000001,-0.20000000000000007,True,0.0,0.0,0.0
10.600000000000001,0.0,True,0.0,0.0,0.0
10.600000000000001,10.000000000000002,True,0.0,0.0,0.0
10.600000000000001,10.200000000000001,True,0.0,0.0,0.0
10.600000000000001,10.4,True,0.0,0.0,0.0
10.8,-0.6000000000000001,True,0.0,0.0,0.0
10.8,-0.4000000000000001,True,0.0,0.0,0.0
10.8,-0.20000000000000007,True,0.0,0.0,0.0
10.8,0.0,True,0.0,0.0,0.0
10.8,10.000000000000002,True,0.0,0.0,0.0
10.8,10.200000000000001,True,0.0,0.0,0.0
10.8,10.4,True,0.0,0.0,0.0
11.000000000000002,-0.6000000000000001,True,0.0,0.0,0.0
11.000000000000002,-0.4000000000000001,True,0.0,0.0,0.0
11.000000000000002,-0.20000000000000007,True,0.0,0.0,0.0
11.000000000000002,0.0,True,0.0,0.0,0.0
11.000000000000002,10.000000000000002,True,0.0,0.0,0.0
11.000000000000002,10.200000000000001,True,0.0,0.0,0.0
11.000000000000002,10.4,True,0.0,0.0,0.0
11.200000000000001,-0.6000000000000001,True,0.0,0.0,0.0
11.200000000000001,-0.4000000000000001,True,0.0,0.0,0.0
11.200000000000001,-0.20000000000000007,True,0.0,0.0,0.0
11.200000000000001,0.0,True,0.0,0.0,0.0
11.200000000000001,10.000000000000002,True,0.0,0.0,0.0
11.200000000000001,10.200000000000001,True,0.0,0.0,0.0
11.200000000000001,10.4,True,0.0,0.0,0.0
11.4,-0.6000000000000001,True,0.0,0.0,0.0
11.4,-0.4000000000000001,True,0.0,0.0,0.0
11.4,-0.20000000000000007,True,0.0,0.0,0.0
11.4,0.0,True,0.0,0.0,0.0
11.4,10.000000000000002,True,0.0,0.0,0.0
11.4,10.200000000000001,True,0.0,0.0,0.0
11.4,10.4,True,0.0,0.0,0.0
11.600000000000001,-0.6000000000000001,True,0.0,0.0,0.0
11.600000000000001,-0.4000000000000001,True,0.0,0.0,0.0
11.600000000000001,-0.20000000000000007,True,0.0,0.0,0.0
11.600000000000001,0.0,True,0.0,0.0,0.0
11.600000000000001,10.000000000000002,True,0.0,0.0,0.0
11.600000000000001,10.200000000000001,True,0.0,0.0,0.0
11.600000000000001,10.4,True,0.0,0.0,0.0
11.8,-0.6000000000000001,True,0.0,0.0,0.0
11.8,-0.4000000000000001,True,0.0,0.0,0.0
11.8,-0.20000000000000007,True,0.0,0.0,0.0
11.8,0.0,True,0.0,0.0,0.0
11.8,10.000000000000002,True,0.0,0.0,0.0
11.8,10.200000000000001,True,0.0,0.0,0.0
11.8,10.4,True,0.0,0.0,0.0
12.000000000000002,-0.6000000000000001,True,0.0,0.0,0.0
12.000000000000002,-0.4000000000000001,True,0.0,0.0,0.0
12.000000000000002,-0.20000000000000007,True,0.0,0.0,0.0
12.000000000000002,0.0,True,0.0,0.0,0.0
12.000000000000002,10.000000000000002,True,0.0,0.0,0.0
12.000000000000002,10.200000000000001,True,0.0,0.0,0.0
12.000000000000002,10.4,True,0.0,0.0,0.0
12.200000000000001,-0.6000000000000001,True,0.0,0.0,0.0
12.200000000000001,-0.4000000000000001,True,0.0,0.0,0.0
12.200000000000001,-0.20000000000000007,True,0.0,0.0,0.0
12.200000000000001,0.0,True,0.0,0.0,0.0
12.200000000000001,10.000000000000002,True,0.0,0.0,0.0
12.200000000000001,10.200000000000001,True,0.0,0.0,0.0
12.200000000000001,10.4,True,0.0,0.0,0.0
12.4,-0.6000000000000001,True,0.0,0.0,0.0
12.4,-0.4000000000000001,True,0.0,0.0,0.0
12.4,-0.20000000000000007,True,0.0,0.0,0.0
12.4,0.0,True,0.0,0.0,0.0
12.4,10.000000000000002,True,0.0,0.0,0.0
12.4,10.200000000000001,True,0.0,0.0,0.0
12.4,10.4,True,0.0,0.0,0.0
12.600000000000001,-0.6000000000000001,True,0.0,0.0,0.0
12.600000000000001,-0.4000000000000001,True,0.0,0.0,0.0
12.600000000000001,-0.20000000000000007,True,0.0,0.0,0.0
12.600000000000001,0.0,True,0.0,0.0,0.0
12.600000000000001,10.000000000000002,True,0.0,0.0,0.0
12.600000000000001,10.200000000000001,True,0.0,0.0,0.0
12.600000000000001,10.4,True,0.0,0.0,0.0
12.8,-0.6000000000000001,True,0.0,0.0,0.0
12.8,-0.4000000000000001,True,0.0,0.0,0.0
12.8,-0.20000000000000007,True,0.0,0.0,0.0
12.8,0.0,True,0.0,0.0,0.0
12.8,10.000000000000002,True,0.0,0.0,0.0
12.8,10.200000000000001,True,0.0,0.0,0.0
12.8,10.4,True,0.0,0.0,0.0
13.000000000000002,-0.6000000000000001,True,0.0,0.0,0.0
13.000000000000002,-0.4000000000000001,True,0.0,0.0,0.0
13.000000000000002,-0.20000000000000007,True,0.0,0.0,0.0
13.000000000000002,0.0,True,0.0,0.0,0.0
13.000000000000002,10.000000000000002,True,0.0,0.0,0.0
13.000000000000002,10.200000000000001,True,0.0,0.0,0.0
13.000000000000002,10.4,True,0.0,0.0,0.0
13.200000000000001,-0.6000000000000001,True,0.0,0.0,0.0
13.200000000000001,-0.4000000000000001,True,0.0,0.0,0.0
13.200000000000001,-0.20000000000000007,True,0.0,0.0,0.0
13.200000000000001,0.0,True,0.0,0.0,0.0
13.200000000000001,10.000000000000002,True,0.0,0.0,0.0
13.200000000000001,10.200000000000001,True,0.0,0.0,0.0
13.200000000000001,10.4,True,0.0,0.0,0.0
13.4,-0.6000000000000001,True,0.0,0.0,0.0
13.4,-0.4000000000000001,True,0.0,0.0,0.0
13.4,-0.20000000000000007,True,0.0,0.0,0.0
13.4,0.0,True,0.0,0.0,0.0
13.4,10.000000000000002,True,0.0,0.0,0.0
13.4,10.200000000000001,True,0.0,0.0,0.0
13.4,10.4,True,0.0,0.0,0.0
13.600000000000001,-0.6000000000000001,True,0.0,0.0,0.0
13.600000000000001,-0.4000000000000001,True,0.0,0.0,0.0
13.600000000000001,-0.20000000000000007,True,0.0,0.0,0.0
13.600000000000001,0.0,True,0.0,0.0,0.0
13.600000000000001,10.000000000000002,True,0.0,0.0,0.0
13.600000000000001,10.200000000000001,True,0.0,0.0,0.0
13.600000000000001,10.4,True,0.0,0.0,0.0
13.8,-0.6000000000000001,True,0.0,0.0,0.0
13.8,-0.4000000000000001,True,0.0,0.0,0.0
13.8,-0.20000000000000007,True,0.0,0.0,0.0
13.8,0.0,True,0.0,0.0,0.0
13.8,10.000000000000002,True,0.0,0.0,0.0
13.8,10.200000000000001,True,0.0,0.0,0.0
13.8,10.4,True,0.0,0.0,0.0
14.000000000000002,-0.6000000000000001,True,0.0,0.0,0.0
14.000000000000002,-0.4000000000000001,True,0.0,0.0,0.0
14.000000000000002,-0.20000000000000007,True,0.0,0.0,0.0
14.000000000000002,0.0,True,0.0,0.0,0.0
14.000000000000002,10.000000000000002,True,0.0,0.0,0.0
14.000000000000002,10.200000000000001,True,0.0,0.0,0.0
14.000000000000002,10.4,True,0.0,0.0,0.0
14.200000000000001,-0.6000000000000001,True,0.0,0.0,0.0
14.200000000000001,-0.4000000000000001,True,0.0,0.0,0.0
14.200000000000001,-0.20000000000000007,True,0.0,0.0,0.0
14.200000000000001,0.0,True,0.0,0.0,0.0
14.200000000000001,10.000000000000002,True,0.0,0.0,0.0
14.200000000000001,10.200000000000001,True,0.0,0.0,0.0
14.200000000000001,10.4,True,0.0,0.0,0.0
14.4,-0.6000000000000001,True,0.0,0.0,0.0
14.4,-0.4000000000000001,True,0.0,0.0,0.0
14.4,-0.20000000000000007,True,0.0,0.0,0.0
14.4,0.0,True,0.0,0.0,0.0
14.4,10.000000000000002,True,0.0,0.0,0.0
14.4,10.200000000000001,True,0.0,0.0,0.0
14.4,10.4,True,0.0,0.0,0.0
14.600000000000001,-0.6000000000000001,True,0.0,0.0,0.0
14.600000000000001,-0.4000000000000001,True,0.0,0.0,0.0
14.600000000000001,-0.20000000000000007,True,0.0,0.0,0.0
14.600000000000001,0.0,True,0.0,0.0,0.0
14.600000000000001,10.000000000000002,True,0.0,0.0,0.0
14.600000000000001,10.200000000000001,True,0.0,0.0,0.0
14.600000000000001,10.4,True,0.0,0.0,0.0
14.8,-0.6000000000000001,True,0.0,0.0,0.0
14.8,-0.4000000000000001,True,0.0,0.0,0.0
14.8,-0.20000000000000007,True,0.0,0.0,0.0
14.8,0.0,True,0.0,0.0,0.0
14.8,10.000000000000002,True,0.0,0.0,0.0
14.8,10.200000000000001,True,0.0,0.0,0.0
14.8,10.4,True,0.0,0.0,0.0
15.000000000000002,-0.6000000000000001,True,0.0,0.0,0.0
15.000000000000002,-0.4000000000000001,True,0.0,0.0,0.0
15.000000000000002,-0.20000000000000007,True,0.0,0.0,0.0
15.000000000000002,0.0,True,0.0,0.0,0.0
15.000000000000002,10.000000000000002,True,0.0,0.0,0.0
15.000000000000002,10.200000000000001,True,0.0,0.0,0.0
15.000000000000002,10.4,True,0.0,0.0,0.0
15.200000000000001,-0.6000000000000001,True,0.0,0.0,0.0
15.200000000000001,-0.4000000000000001,True,0.0,0.0,0.0
15.200000000000001,-0.20000000000000007,True,0.0,0.0,0.0
15.200000000000001,0.0,True,0.0,0.0,0.0
15.200000000000001,10.000000000000002,True,0.0,0.0,0.0
15.200000000000001,10.200000000000001,True,0.0,0.0,0.0
15.200000000000001,10.4,True,0.0,0.0,0.0
15.4,-0.6000000000000001,True,0.0,0.0,0.0
15.4,-0.4000000000000001,True,0.0,0.0,0.0
15.4,-0.20000000000000007,True,0.0,0.0,0.0
15.4,0.0,True,0.0,0.0,0.0
15.4,10.000000000000002,True,0.0,0.0,0.0
15.4,10.200000000000001,True,0.0,0.0,0.0
15.4,10.4,True,0.0,0.0,0.0
15.6,-0.6000000000000001,True,0.0,0.0,0.0
15.6,-0.4000000000000001,True,0.0,0.0,0.0
15.6,-0.20000000000000007,True,0.0,0.0,0.0
15.6,0.0,True,0.0,0.0,0.0
15.6,10.000000000000002,True,0.0,0.0,0.0
15.6,10.200000000000001,True,0.0,0.0,0.0
15.6,10.4,True,0.0,0.0,0.0
15.800000000000002,-0.6000000000000001,True,0.0,0.0,0.0
15.800000000000002,-0.4000000000000001,True,0.0,0.0,0.0
15.800000000000002,-0.20000000000000007,True,0.0,0.0,0.0
15.800000000000002,0.0,True,0.0,0.0,0.0
15.800000000000002,10.000000000000002,True,0.0,0.0,0.0
15.800000000000002,10.200000000000001,True,0.0,0.0,0.0
15.800000000000002,10.4,True,0.0,0.0,0.0
16.0,-0.6000000000000001,True,0.0,0.0,0.0
16.0,-0.4000000000000001,True,0.0,0.0,0.0
16.0,-0.20000000000000007,True,0.0,0.0,0.0
16.0,0.0,True,0.0,0.0,0.0
16.0,10.000000000000002,True,0.0,0.0,0.0
16.0,10.200000000000001,True,0.0,0.0,0.0
16.0,10.4,True,0.0,0.0,0.0
16.2,-0.6000000000000001,True,0.0,0.0,0.0
16.2,-0.4000000000000001,True,0.0,0.0,0.0
16.2,-0.20000000000000007,True,0.0,0.0,0.0
16.2,0.0,True,0.0,0.0,0.0
16.2,10.000000000000002,True,0.0,0.0,0.0
16.2,10.200000000000001,True,0.0,0.0,0.0
16.2,10.4,True,0.0,0.0,0.0
16.4,-0.6000000000000001,True,0.0,0.0,0.0
16.4,-0.4000000000000001,True,0.0,0.0,0.0
16.4,-0.20000000000000007,True,0.0,0.0,0.0
16.4,0.0,True,0.0,0.0,0.0
16.4,10.000000000000002,True,0.0,0.0,0.0
16.4,10.200000000000001,True,0.0,0.0,0.0
16.4,10.4,True,0.0,0.0,0.0
16.599999999999998,-0.6000000000000001,True,0.0,0.0,0.0
16.599999999999998,-0.4000000000000001,True,0.0,0.0,0.0
16.599999999999998,-0.20000000000000007,True,0.0,0.0,0.0
16.599999999999998,0.0,True,0.0,0.0,0.0
16.599999999999998,10.000000000000002,True,0.0,0.0,0.0
16.599999999999998,10.200000000000001,True,0.0,0.0,0.0
16.599999999999998,10.4,True,0.0,0.0,0.0
16.8,-0.6000000000000001,True,0.0,0.0,0.0
16.8,-0.4000000000000001,True,0.0,0.0,0.0
16.8,-0.20000000000000007,True,0.0,0.0,0.0
16.8,0.0,True,0.0,0.0,0.0
16.8,10.000000000000002,True,0.0,0.0,0.0
16.8,10.200000000000001,True,0.0,0.0,0.0
16.8,10.4,True,0.0,0.0,0.0
17.0,-0.6000000000000001,True,0.0,0.0,0.0
17.0,-0.4000000000000001,True,0.0,0.0,0.0
17.0,-0.20000000000000007,True,0.0,0.0,0.0
17.0,0.0,True,0.0,0.0,0.0
17.0,10.000000000000002,True,0.0,0.0,0.0
17.0,10.200000000000001,True,0.0,0.0,0.0
17.0,10.4,True,0.0,0.0,0.0
17.2,-0.6000000000000001,True,0.0,0.0,0.0
17.2,-0.4000000000000001,True,0.0,0.0,0.0
17.2,-0.20000000000000007,True,0.0,0.0,0.0
17.2,0.0,True,0.0,0.0,0.0
17.2,10.000000000000002,True,0.0,0.0,0.0
17.2,10.200000000000001,True,0.0,0.0,0.0
17.2,10.4,True,0.0,0.0,0.0
17.4,-0.6000000000000001,True,0.0,0.0,0.0
17.4,-0.4000000000000001,True,0.0,0.0,0.0
17.4,-0.20000000000000007,True,0.0,0.0,0.0
17.4,0.0,True,0.0,0.0,0.0
17.4,10.000000000000002,True,0.0,0.0,0.0
17.4,10.200000000000001,True,0.0,0.0,0.0
17.4,10.4,True,0.0,0.0,0.0
17.599999999999998,-0.6000000000000001,True,0.0,0.0,0.0
17.599999999999998,-0.4000000000000001,True,0.0,0.0,0.0
17.599999999999998,-0.20000000000000007,True,0.0,0.0,0.0
17.599999999999998,0.0,True,0.0,0.0,0.0
17.599999999999998,10.000000000000002,True,0.0,0.0,0.0
17.599999999999998,10.200000000000001,True,0.0,0.0,0.0
17.599999999999998,10.4,True,0.0,0.0,0.0
17.8,-0.6000000000000001,True,0.0,0.0,0.0
17.8,-0.4000000000000001,True,0.0,0.0,0.0
17.8,-0.20000000000000007,True,0.0,0.0,0.0
17.8,0.0,True,0.0,0.0,0.0
17.8,10.000000000000002,True,0.0,0.0,0.0
17.8,10.200000000000001,True,0.0,0.0,0.0
17.8,10.4,True,0.0,0.0,0.0
18.0,-0.6000000000000001,True,0.0,0.0,0.0
18.0,-0.4000000000000001,True,0.0,0.0,0.0
18.0,-0.20000000000000007,True,0.0,0.0,0.0
18.0,0.0,True,0.0,0.0,0.0
18.0,10.000000000000002,True,0.0,0.0,0.0
18.0,10.200000000000001,True,0.0,0.0,0.0
18.0,10.4,True,0.0,0.0,0.0
18.2,-0.6000000000000001,True,0.0,0.0,0.0
18.2,-0.4000000000000001,True,0.0,0.0,0.0
18.2,-0.20000000000000007,True,0.0,0.0,0.0
18.2,0.0,True,0.0,0.0,0.0
18.2,10.000000000000002,True,0.0,0.0,0.0
18.2,10.200000000000001,True,0.0,0.0,0.0
18.2,10.4,True,0.0,0.0,0.0
18.4,-0.6000000000000001,True,0.0,0.0,0.0
18.4,-0.4000000000000001,True,0.0,0.0,0.0
18.4,-0.20000000000000007,True,0.0,0.0,0.0
18.4,0.0,True,0.0,0.0,0.0
18.4,10.000000000000002,True,0.0,0.0,0.0
18.4,10.200000000000001,True,0.0,0.0,0.0
18.4,10.4,True,0.0,0.0,0.0
18.6,-0.6000000000000001,True,0.0,0.0,0.0
18.6,-0.4000000000000001,True,0.0,0.0,0.0
18.6,-0.20000000000000007,True,0.0,0.0,0.0
18.6,0.0,True,0.0,0.0,0.0
18.6,10.000000000000002,True,0.0,0.0,0.0
18.6,10.200000000000001,True,0.0,0.0,0.0
18.6,10.4,True,0.0,0.0,0.0
18.8,-0.6000000000000001,True,0.0,0.0,0.0
18.8,-0.4000000000000001,True,0.0,0.0,0.0
18.8,-0.20000000000000007,True,0.0,0.0,0.0
18.8,0.0,True,0.0,0.0,0.0
18.8,10.000000000000002,True,0.0,0.0,0.0
18.8,10.200000000000001,True,0.0,0.0,0.0
18.8,10.4,True,0.0,0.0,0.0
19.0,-0.6000000000000001,True,0.0,0.0,0.0
19.0,-0.4000000000000001,True,0.0,0.0,0.0
19.0,-0.20000000000000007,True,0.0,0.0,0.0
19.0,0.0,True,0.0,0.0,0.0
19.0,10.000000000000002,True,0.0,0.0,0.0
19.0,10.200000000000001,True,0.0,0.0,0.0
19.0,10.4,True,0.0,0.0,0.0
19.2,-0.6000000000000001,True,0.0,0.0,0.0
19.2,-0.4000000000000001,True,0.0,0.0,0.0
19.2,-0.20000000000000007,True,0.0,0.0,0.0
19.2,0.0,True,0.0,0.0,0.0
19.2,10.000000000000002,True,0.0,0.0,0.0
19.2,10.200000000000001,True,0.0,0.0,0.0
19.2,10.4,True,0.0,0.0,0.0
19.4,-0.6000000000000001,True,0.0,0.0,0.0
19.4,-0.4000000000000001,True,0.0,0.0,0.0
19.4,-0.20000000000000007,True,0.0,0.0,0.0
19.4,0.0,True,0.0,0.0,0.0
19.4,10.000000000000002,True,0.0,0.0,0.0
19.4,10.200000000000001,True,0.0,0.0,0.0
19.4,10.4,True,0.0,0.0,0.0
19.6,-0.6000000000000001,True,0.0,0.0,0.0
19.6,-0.4000000000000001,True,0.0,0.0,0.0
19.6,-0.20000000000000007,True,0.0,0.0,0.0
19.6,0.0,True,0.0,0.0,0.0
19.6,10.000000000000002,True,0.0,0.0,0.0
19.6,10.200000000000001,True,0.0,0.0,0.0
19.6,10.4,True,0.0,0.0,0.0
19.8,-0.6000000000000001,True,0.0,0.0,0.0
19.8,-0.4000000000000001,True,0.0,0.0,0.0
19.8,-0.20000000000000007,True,0.0,0.0,0.0
19.8,0.0,True,0.0,0.0,0.0
19.8,10.000000000000002,True,0.0,0.0,0.0
19.8,10.200000000000001,True,0.0,0.0,0.0
19.8,10.4,True,0.0,0.0,0.0
20.0,-0.6000000000000001,True,0.0,0.0,0.0
20.0,-0.4000000000000001,True,0.0,0.0,0.0
20.0,-0.20000000000000007,True,0.0,0.0,0.0
20.0,0.0,True,0.0,0.0,0.0
20.0,0.19999999999999996,True,0.0,0.0,0.0
20.0,0.3999999999999999,True,0.0,0.0,0.0
20.0,0.6000000000000001,True,0.0,0.0,0.0
20.0,0.8,True,0.0,0.0,0.0
20.0,1.0,True,0.0,0.0,0.0
20.0,1.2,True,0.0,0.0,0.0
20.0,1.4,True,0.0,0.0,0.0
20.0,1.6,True,0.0,0.0,0.0
20.0,1.8000000000000003,True,0.0,0.0,0.0
20.0,2.0,True,0.0,0.0,0.0
20.0,2.2,True,0.0,0.0,0.0
20.0,2.4,True,0.0,0.0,0.0
20.0,2.6,True,0.0,0.0,0.0
20.0,2.8000000000000003,True,0.0,0.0,0.0
20.0,3.0,True,0.0,0.0,0.0
20.0,3.2,True,0.0,0.0,0.0
20.0,3.4,True,0.0,0.0,0.0
20.0,3.6,True,0.0,0.0,0.0
20.0,3.8000000000000003,True,0.0,0.0,0.0
20.0,4.0,True,0.0,0.0,0.0
20.0,4.200000000000001,True,0.0,0.0,0.0
20.0,4.4,True,0.0,0.0,0.0
20.0,4.6,True,0.0,0.0,0.0
20.0,4.800000000000001,True,0.0,0.0,0.0
20.0,5.0,True,0.0,0.0,0.0
20.0,5.200000000000001,True,0.0,0.0,0.0
20.0,5.4,True,0.0,0.0,0.0
20.0,5.6,True,0.0,0.0,0.0
20.0,5.800000000000001,True,0.0,0.0,0.0
20.0,6.0,True,0.0,0.0,0.0
20.0,6.200000000000001,True,0.0,0.0,0.0
20.0,6.4,True,0.0,0.0,0.0
20.0,6.6,True,0.0,0.0,0.0
20.0,6.800000000000001,True,0.0,0.0,0.0
20.0,7.0,True,0.0,0.0,0.0
20.0,7.200000000000001,True,0.0,0.0,0.0
20.0,7.4,True,0.0,0.0,0.0
20.0,7.600000000000001,True,0.0,0.0,0.0
20.0,7.800000000000001,True,0.0,0.0,0.0
20.0,8.0,True,0.0,0.0,0.0
20.0,8.200000000000001,True,0.0,0.0,0.0
20.0,8.4,True,0.0,0.0,0.0
20.0,8.600000000000001,True,0.0,0.0,0.0
20.0,8.8,True,0.0,0.0,0.0
20.0,9.000000000000002,True,0.0,0.0,0.0
20.0,9.200000000000001,True,0.0,0.0,0.0
20.0,9.4,True,0.0,0.0,0.0
20.0,9.600000000000001,True,0.0,0.0,0.0
20.0,9.8,True,0.0,0.0,0.0
20.0,10.000000000000002,True,0.0,0.0,0.0
20.0,10.200000000000001,True,0.0,0.0,0.0
20.0,10.4,True,0.0,0.0,0.0
20.2,-0.6000000000000001,True,0.0,0.0,0.0
20.2,-0.4000000000000001,True,0.0,0.0,0.0
20.2,-0.20000000000000007,True,0.0,0.0,0.0
20.2,0.0,True,0.0,0.0,0.0
20.2,0.19999999999999996,True,0.0,0.0,0.0
20.2,0.3999999999999999,True,0.0,0.0,0.0
20.2,0.6000000000000001,True,0.0,0.0,0.0
20.2,0.8,True,0.0,0.0,0.0
20.2,1.0,True,0.0,0.0,0.0
20.2,1.2,True,0.0,0.0,0.0
20.2,1.4,True,0.0,0.0,0.0
20.2,1.6,True,0.0,0.0,0.0
20.2,1.8000000000000003,True,0.0,0.0,0.0
20.2,2.0,True,0.0,0.0,0.0
20.2,2.2,True,0.0,0.0,0.0
20.2,2.4,True,0.0,0.0,0.0
20.2,2.6,True,0.0,0.0,0.0
20.2,2.8000000000000003,True,0.0,0.0,0.0
20.2,3.0,True,0.0,0.0,0.0
20.2,3.2,True,0.0,0.0,0.0
20.2,3.4,True,0.0,0.0,0.0
20.2,3.6,True,0.0,0.0,0.0
20.2,3.8000000000000003,True,0.0,0.0,0.0
20.2,4.0,True,0.0,0.0,0.0
20.2,4.200000000000001,True,0.0,0.0,0.0
20.2,4.4,True,0.0,0.0,0.0
20.2,4.6,True,0.0,0.0,0.0
20.2,4.800000000000001,True,0.0,0.0,0.0
20.2,5.0,True,0.0,0.0,0.0
20.2,5.200000000000001,True,0.0,0.0,0.0
20.2,5.4,True,0.0,0.0,0.0
20.2,5.6,True,0.0,0.0,0.0
20.2,5.800000000000001,True,0.0,0.0,0.0
20.2,6.0,True,0.0,0.0,0.0
20.2,6.200000000000001,True,0.0,0.0,0.0
20.2,6.4,True,0.0,0.0,0.0
20.2,6.6,True,0.0,0.0,0.0
20.2,6.800000000000001,True,0.0,0.0,0.0
20.2,7.0,True,0.0,0.0,0.0
20.2,7.200000000000001,True,0.0,0.0,0.0
20.2,7.4,True,0.0,0.0,0.0
20.2,7.600000000000001,True,0.0,0.0,0.0
20.2,7.800000000000001,True,0.0,0.0,0.0
20.2,8.0,True,0.0,0.0,0.0
20.2,8.200000000000001,True,0.0,0.0,0.0
20.2,8.4,True,0.0,0.0,0.0
20.2,8.600000000000001,True,0.0,0.0,0.0
20.2,8.8,True,0.0,0.0,0.0
20.2,9.000000000000002,True,0.0,0.0,0.0
20.2,9.200000000000001,True,0.0,0.0,0.0
20.2,9.4,True,0.0,0.0,0.0
20.2,9.600000000000001,True,0.0,0.0,0.0
20.2,9.8,True,0.0,0.0,0.0
20.2,10.000000000000002,True,0.0,0.0,0.0
20.2,10.200000000000001,True,0.0,0.0,0.0
20.2,10.4,True,0.0,0.0,0.0
20.4,-0.6000000000000001,True,0.0,0.0,0.0
20.4,-0.4000000000000001,True,0.0,0.0,0.0
20.4,-0.20000000000000007,True,0.0,0.0,0.0
20.4,0.0,True,0.0,0.0,0.0
20.4,0.19999999999999996,True,0.0,0.0,0.0
20.4,0.3999999999999999,True,0.0,0.0,0.0
20.4,0.6000000000000001,True,0.0,0.0,0.0
20.4,0.8,True,0.0,0.0,0.0
20.4,1.0,True,0.0,0.0,0.0
20.4,1.2,True,0.0,0.0,0.0
20.4,1.4,True,0.0,0.0,0.0
20.4,1.6,True,0.0,0.0,0.0
20.4,1.8000000000000003,True,0.0,0.0,0.0
20.4,2.0,True,0.0,0.0,0.0
20.4,2.2,True,0.0,0.0,0.0
20.4,2.4,True,0.0,0.0,0.0
20.4,2.6,True,0.0,0.0,0.0
20.4,2.8000000000000003,True,0.0,0.0,0.0
20.4,3.0,True,0.0,0.0,0.0
20.4,3.2,True,0.0,0.0,0.0
20.4,3.4,True,0.0,0.0,0.0
20.4,3.6,True,0.0,0.0,0.0
20.4,3.8000000000000003,True,0.0,0.0,0.0
20.4,4.0,True,0.0,0.0,0.0
20.4,4.200000000000001,True,0.0,0.0,0.0
20.4,4.4,True,0.0,0.0,0.0
20.4,4.6,True,0.0,0.0,0.0
20.4,4.800000000000001,True,0.0,0.0,0.0
20.4,5.0,True,0.0,0.0,0.0
20.4,5.200000000000001,True,0.0,0.0,0.0
20.4,5.4,True,0.0,0.0,0.0
20.4,5.6,True,0.0,0.0,0.0
20.4,5.800000000000001,True,0.0,0.0,0.0
20.4,6.0,True,0.0,0.0,0.0
20.4,6.200000000000001,True,0.0,0.0,0.0
20.4,6.4,True,0.0,0.0,0.0
20.4,6.6,True,0.0,0.0,0.0
20.4,6.800000000000001,True,0.0,0.0,0.0
20.4,7.0,True,0.0,0.0,0.0
20.4,7.200000000000001,True,0.0,0.0,0.0
20.4,7.4,True,0.0,0.0,0.0
20.4,7.600000000000001,True,0.0,0.0,0.0
20.4,7.800000000000001,True,0.0,0.0,0.0
20.4,8.0,True,0.0,0.0,0.0
20.4,8.200000000000001,True,0.0,0.0,0.0
20.4,8.4,True,0.0,0.0,0.0
20.4,8.600000000000001,True,0.0,0.0,0.0
20.4,8.8,True,0.0,0.0,0.0
20.4,9.000000000000002,True,0.0,0.0,0.0
20.4,9.200000000000001,True,0.0,0.0,0.0
20.4,9.4,True,0.0,0.0,0.0
20.4,9.600000000000001,True,0.0,0.0,0.0
20.4,9.8,True,0.0,0.0,0.0
20.4,10.000000000000002,True,0.0,0.0,0.0
20.4,10.200000000000001,True,0.0,0.0,0.0
20.4,10.4,True,0.0,0.0,0.0
20.6,-0.6000000000000001,True,0.0,0.0,0.0
20.6,-0.4000000000000001,True,0.0,0.0,0.0
20.6,-0.20000000000000007,True,0.0,0.0,0.0
20.6,0.0,True,0.0,0.0,0.0
20.6,0.19999999999999996,True,0.0,0.0,0.0
20.6,0.3999999999999999,True,0.0,0.0,0.0
20.6,0.6000000000000001,True,0.0,0.0,0.0
20.6,0.8,True,0.0,0.0,0.0
20.6,1.0,True,0.0,0.0,0.0
20.6,1.2,True,0.0,0.0,0.0
20.6,1.4,True,0.0,0.0,0.0
20.6,1.6,True,0.0,0.0,0.0
20.6,1.8000000000000003,True,0.0,0.0,0.0
20.6,2.0,True,0.0,0.0,0.0
20.6,2.2,True,0.0,0.0,0.0
20.6,2.4,True,0.0,0.0,0.0
20.6,2.6,True,0.0,0.0,0.0
20.6,2.8000000000000003,True,0.0,0.0,0.0
20.6,3.0,True,0.0,0.0,0.0
20.6,3.2,True,0.0,0.0,0.0
20.6,3.4,True,0.0,0.0,0.0
20.6,3.6,True,0.0,0.0,0.0
20.6,3.8000000000000003,True,0.0,0.0,0.0
20.6,4.0,True,0.0,0.0,0.0
20.6,4.200000000000001,True,0.0,0.0,0.0
20.6,4.4,True,0.0,0.0,0.0
20.6,4.6,True,0.0,0.0,0.0
20.6,4.800000000000001,True,0.0,0.0,0.0
20.6,5.0,True,0.0,0.0,0.0
20.6,5.200000000000001,True,0.0,0.0,0.0
20.6,5.4,True,0.0,0.0,0.0
20.6,5.6,True,0.0,0.0,0.0
20.6,5.800000000000001,True,0.0,0.0,0.0
20.6,6.0,True,0.0,0.0,0.0
20.6,6.200000000000001,True,0.0,0.0,0.0
20.6,6.4,True,0.0,0.0,0.0
20.6,6.6,True,0.0,0.0,0.0
20.6,6.800000000000001,True,0.0,0.0,0.0
20.6,7.0,True,0.0,0.0,0.0
20.6,7.200000000000001,True,0.0,0.0,0.0
20.6,7.4,True,0.0,0.0,0.0
20.6,7.600000000000001,True,0.0,0.0,0.0
20.6,7.800000000000001,True,0.0,0.0,0.0
20.6,8.0,True,0.0,0.0,0.0
20.6,8.200000000000001,True,0.0,0.0,0.0
20.6,8.4,True,0.0,0.0,0.0
20.6,8.600000000000001,True,0.0,0.0,0.0
20.6,8.8,True,0.0,0.0,0.0
20.6,9.000000000000002,True,0.0,0.0,0.0
20.6,9.200000000000001,True,0.0,0.0,0.0
20.6,9.4,True,0.0,0.0,0.0
20.6,9.600000000000001,True,0.0,0.0,0.0
20.6,9.8,True,0.0,0.0,0.0
20.6,10.000000000000002,True,0.0,0.0,0.0
20.6,10.200000000000001,True,0.0,0.0,0.0
20.6,10.4,True,0.0,0.0,0.0
0.2,0.2,False,0.0,0.0,0.0
0.2,0.4,False,0.0,0.0,0.0
0.2,0.6000000000000001,False,0.0,0.0,0.0
0.2,0.8,False,0.0,0.0,0.0
0.2,1.0,False,0.0,0.0,0.0
0.2,1.2,False,0.0,0.0,0.0
0.2,1.4000000000000001,False,0.0,0.0,0.0
0.2,1.6,False,0.0,0.0,0.0
0.2,1.8,False,0.0,0.0,0.0
0.4,0.2,False,0.0,0.0,0.0
0.4,0.4,False,0.0,0.0,0.0
0.4,0.6000000000000001,False,0.0,0.0,0.0
0.4,0.8,False,0.0,0.0,0.0
0.4,1.0,False,0.0,0.0,0.0
0.4,1.2,False,0.0,0.0,0.0
0.4,1.4000000000000001,False,0.0,0.0,0.0
0.4,1.6,False,0.0,0.0,0.0
0.4,1.8,False,0.0,0.0,0.0
0.6000000000000001,0.2,False,0.0,0.0,0.0
0.6000000000000001,0.4,False,0.0,0.0,0.0
0.6000000000000001,0.6000000000000001,False,0.0,0.0,0.0
0.6000000000000001,0.8,False,0.0,0.0,0.0
0.6000000000000001,1.0,False,0.0,0.0,0.0
0.6000000000000001,1.2,False,0.0,0.0,0.0
0.6000000000000001,1.4000000000000001,False,0.0,0.0,0.0
0.6000000000000001,1.6,False,0.0,0.0,0.0
0.6000000000000001,1.8,False,0.0,0.0,0.0
0.8,0.2,False,0.0,0.0,0.0
0.8,0.4,False,0.0,0.0,0.0
0.8,0.6000000000000001,False,0.0,0.0,0.0
0.8,0.8,False,0.0,0.0,0.0
0.8,1.0,False,0.0,0.0,0.0
0.8,1.2,False,0.0,0.0,0.0
0.8,1.4000000000000001,False,0.0,0.0,0.0
0.8,1.6,False,0.0,0.0,0.0
0.8,1.8,False,0.0,0.0,0.0
1.0,0.2,False,0.0,0.0,0.0
1.0,0.4,False,0.0,0.0,0.0
1.0,0.6000000000000001,False,0.0,0.0,0.0
1.0,0.8,False,0.0,0.0,0.0
1.0,1.0,False,0.0,0.0,0.0
1.0,1.2,False,0.0,0.0,0.0
1.0,1.4000000000000001,False,0.0,0.0,0.0
1.0,1.6,False,0.0,0.0,0.0
1.0,1.8,False,0.0,0.0,0.0
1.2,0.2,False,0.0,0.0,0.0
1.2,0.4,False,0.0,0.0,0.0
1.2,0.6000000000000001,False,0.0,0.0,0.0
1.2,0.8,False,0.0,0.0,0.0
1.2,1.0,False,0.0,0.0,0.0
1.2,1.2,False,0.0,0.0,0.0
1.2,1.4000000000000001,False,0.0,0.0,0.0
1.2,1.6,False,0.0,0.0,0.0
1.2,1.8,False,0.0,0.0,0.0
1.4000000000000001,0.2,False,0.0,0.0,0.0
1.4000000000000001,0.4,False,0.0,0.0,0.0
1.4000000000000001,0.6000000000000001,False,0.0,0.0,0.0
1.4000000000000001,0.8,False,0.0,0.0,0.0
1.4000000000000001,1.0,False,0.0,0.0,0.0
1.4000000000000001,1.2,False,0.0,0.0,0.0
1.4000000000000001,1.4000000000000001,False,0.0,0.0,0.0
1.4000000000000001,1.6,False,0.0,0.0,0.0
1.4000000000000001,1.8,False,0.0,0.0,0.0
1.6,0.2,False,0.0,0.0,0.0
1.6,0.4,False,0.0,0.0,0.0
1.6,0.6000000000000001,False,0.0,0.0,0.0
1.6,0.8,False,0.0,0.0,0.0
1.6,1.0,False,0.0,0.0,0.0
1.6,1.2,False,0.0,0.0,0.0
1.6,1.4000000000000001,False,0.0,0.0,0.0
1.6,1.6,False,0.0,0.0,0.0
1.6,1.8,False,0.0,0.0,0.0
1.8,0.2,False,0.0,0.0,0.0
1.8,0.4,False,0.0,0.0,0.0
1.8,0.6000000000000001,False,0.0,0.0,0.0
1.8,0.8,False,0.0,0.0,0.0
1.8,1.0,False,0.0,0.0,0.0
1.8,1.2,False,0.0,0.0,0.0
1.8,1.4000000000000001,False,0.0,0.0,0.0
1.8,1.6,False,0.0,0.0,0.0
1.8,1.8,False,0.0,0.0,0.0
2.0,0.2,False,0.0,0.0,0.0
2.0,0.4,False,0.0,0.0,0.0
2.0,0.6000000000000001,False,0.0,0.0,0.0
2.0,0.8,False,0.0,0.0,0.0
2.0,1.0,False,0.0,0.0,0.0
2.0,1.2,False,0.0,0.0,0.0
2.0,1.4000000000000001,False,0.0,0.0,0.0
2.0,1.6,False,0.0,0.0,0.0
2.0,1.8,False,0.0,0.0,0.0
2.2,0.2,False,0.0,0.0,0.0
2.2,0.4,False,0.0,0.0,0.0
2.2,0.6000000000000001,False,0.0,0.0,0.0
2.2,0.8,False,0.0,0.0,0.0
2.2,1.0,False,0.0,0.0,0.0
2.2,1.2,False,0.0,0.0,0.0
2.2,1.4000000000000001,False,0.0,0.0,0.0
2.2,1.6,False,0.0,0.0,0.0
2.2,1.8,False,0.0,0.0,0.0
2.4000000000000004,0.2,False,0.0,0.0,0.0
2.4000000000000004,0.4,False,0.0,0.0,0.0
2.4000000000000004,0.6000000000000001,False,0.0,0.0,0.0
2.4000000000000004,0.8,False,0.0,0.0,0.0
2.4000000000000004,1.0,False,0.0,0.0,0.0
2.4000000000000004,1.2,False,0.0,0.0,0.0
2.4000000000000004,1.4000000000000001,False,0.0,0.0,0.0
2.4000000000000004,1.6,False,0.0,0.0,0.0
2.4000000000000004,1.8,False,0.0,0.0,0.0
2.6000000000000005,0.2,False,0.0,0.0,0.0
2.6000000000000005,0.4,False,0.0,0.0,0.0
2.6000000000000005,0.6000000000000001,False,0.0,0.0,0.0
2.6000000000000005,0.8,False,0.0,0.0,0.0
2.6000000000000005,1.0,False,0.0,0.0,0.0
2.6000000000000005,1.2,False,0.0,0.0,0.0
2.6000000000000005,1.4000000000000001,False,0.0,0.0,0.0
2.6000000000000005,1.6,False,0.0,0.0,0.0
2.6000000000000005,1.8,False,0.0,0.0,0.0
2.8000000000000003,0.2,False,0.0,0.0,0.0
2.8000000000000003,0.4,False,0.0,0.0,0.0
2.8000000000000003,0.6000000000000001,False,0.0,0.0,0.0
2.8000000000000003,0.8,False,0.0,0.0,0.0
2.8000000000000003,1.0,False,0.0,0.0,0.0
2.8000000000000003,1.2,False,0.0,0.0,0.0
2.8000000000000003,1.4000000000000001,False,0.0,0.0,0.0
2.8000000000000003,1.6,False,0.0,0.0,0.0
2.8000000000000003,1.8,False,0.0,0.0,0.0
3.0000000000000004,0.2,False,0.0,0.0,0.0
3.0000000000000004,0.4,False,0.0,0.0,0.0
3.0000000000000004,0.6000000000000001,False,0.0,0.0,0.0
3.0000000000000004,0.8,False,0.0,0.0,0.0
3.0000000000000004,1.0,False,0.0,0.0,0.0
3.0000000000000004,1.2,False,0.0,0.0,0.0
3.0000000000000004,1.4000000000000001,False,0.0,0.0,0.0
3.0000000000000004,1.6,False,0.0,0.0,0.0
3.0000000000000004,1.8,False,0.0,0.0,0.0
3.2,0.2,False,0.0,0.0,0.0
3.2,0.4,False,0.0,0.0,0.0
3.2,0.6000000000000001,False,0.0,0.0,0.0
3.2,0.8,False,0.0,0.0,0.0
3.2,1.0,False,0.0,0.0,0.0
3.2,1.2,False,0.0,0.0,0.0
3.2,1.4000000000000001,False,0.0,0.0,0.0
3.2,1.6,False,0.0,0.0,0.0
3.2,1.8,False,0.0,0.0,0.0
3.4000000000000004,0.2,False,0.0,0.0,0.0
3.4000000000000004,0.4,False,0.0,0.0,0.0
3.4000000000000004,0.6000000000000001,False,0.0,0.0,0.0
3.4000000000000004,0.8,False,0.0,0.0,0.0
3.4000000000000004,1.0,False,0.0,0.0,0.0
3.4000000000000004,1.2,False,0.0,0.0,0.0
3.4000000000000004,1.4000000000000001,False,0.0,0.0,0.0
3.4000000000000004,1.6,False,0.0,0.0,0.0
3.4000000000000004,1.8,False,0.0,0.0,0.0
3.6000000000000005,0.2,False,0.0,0.0,0.0
3.6000000000000005,0.4,False,0.0,0.0,0.0
3.6000000000000005,0.6000000000000001,False,0.0,0.0,0.0
3.6000000000000005,0.8,False,0.0,0.0,0.0
3.6000000000000005,1.0,False,0.0,0.0,0.0
3.6000000000000005,1.2,False,0.0,0.0,0.0
3.6000000000000005,1.4000000000000001,False,0.0,0.0,0.0
3.6000000000000005,1.6,False,0.0,0.0,0.0
3.6000000000000005,1.8,False,0.0,0.0,0.0
3.8000000000000003,0.2,False,0.0,0.0,0.0
3.8000000000000003,0.4,False,0.0,0.0,0.0
3.8000000000000003,0.6000000000000001,False,0.0,0.0,0.0
3.8000000000000003,0.8,False,0.0,0.0,0.0
3.8000000000000003,1.0,False,0.0,0.0,0.0
3.8000000000000003,1.2,False,0.0,0.0,0.0
3.8000000000000003,1.4000000000000001,False,0.0,0.0,0.0
3.8000000000000003,1.6,False,0.0,0.0,0.0
3.8000000000000003,1.8,False,0.0,0.0,0.0
4.0,0.2,False,0.0,0.0,0.0
4.0,0.4,False,0.0,0.0,0.0
4.0,0.6000000000000001,False,0.0,0.0,0.0
4.0,0.8,False,0.0,0.0,0.0
4.0,1.0,False,0.0,0.0,0.0
4.0,1.2,False,0.0,0.0,0.0
4.0,1.4000000000000001,False,0.0,0.0,0.0
4.0,1.6,False,0.0,0.0,0.0
4.0,1.8,False,0.0,0.0,0.0
4.2,0.2,False,0.0,0.0,0.0
4.2,0.4,False,0.0,0.0,0.0
4.2,0.6000000000000001,False,0.0,0.0,0.0
4.2,0.8,False,0.0,0.0,0.0
4.2,1.0,False,0.0,0.0,0.0
4.2,1.2,False,0.0,0.0,0.0
4.2,1.4000000000000001,False,0.0,0.0,0.0
4.2,1.6,False,0.0,0.0,0.0
4.2,1.8,False,0.0,0.0,0.0
4.4,0.2,False,0.0,0.0,0.0
4.4,0.4,False,0.0,0.0,0.0
4.4,0.6000000000000001,False,0.0,0.0,0.0
4.4,0.8,False,0.0,0.0,0.0
4.4,1.0,False,0.0,0.0,0.0
4.4,1.2,False,0.0,0.0,0.0
4.4,1.4000000000000001,False,0.0,0.0,0.0
4.4,1.6,False,0.0,0.0,0.0
4.4,1.8,False,0.0,0.0,0.0
4.6000000000000005,0.2,False,0.0,0.0,0.0
4.6000000000000005,0.4,False,0.0,0.0,0.0
4.6000000000000005,0.6000000000000001,False,0.0,0.0,0.0
4.6000000000000005,0.8,False,0.0,0.0,0.0
4.6000000000000005,1.0,False,0.0,0.0,0.0
4.6000000000000005,1.2,False,0.0,0.0,0.0
4.6000000000000005,1.4000000000000001,False,0.0,0.0,0.0
4.6000000000000005,1.6,False,0.0,0.0,0.0
4.6000000000000005,1.8,False,0.0,0.0,0.0
4.800000000000001,0.2,False,0.0,0.0,0.0
4.800000000000001,0.4,False,0.0,0.0,0.0
4.800000000000001,0.6000000000000001,False,0.0,0.0,0.0
4.800000000000001,0.8,False,0.0,0.0,0.0
4.800000000000001,1.0,False,0.0,0.0,0.0
4.800000000000001,1.2,False,0.0,0.0,0.0
4.800000000000001,1.4000000000000001,False,0.0,0.0,0.0
4.800000000000001,1.6,False,0.0,0.0,0.0
4.800000000000001,1.8,False,0.0,0.0,0.0
5.000000000000001,0.2,False,0.0,0.0,0.0
5.000000000000001,0.4,False,0.0,0.0,0.0
5.000000000000001,0.6000000000000001,False,0.0,0.0,0.0
5.000000000000001,0.8,False,0.0,0.0,0.0
5.000000000000001,1.0,False,0.0,0.0,0.0
5.000000000000001,1.2,False,0.0,0.0,0.0
5.000000000000001,1.4000000000000001,False,0.0,0.0,0.0
5.000000000000001,1.6,False,0.0,0.0,0.0
5.000000000000001,1.8,False,0.0,0.0,0.0
5.2,0.2,False,0.0,0.0,0.0
5.2,0.4,False,0.0,0.0,0.0
5.2,0.6000000000000001,False,0.0,0.0,0.0
5.2,0.8,False,0.0,0.0,0.0
5.2,1.0,False,0.0,0.0,0.0
5.2,1.2,False,0.0,0.0,0.0
5.2,1.4000000000000001,False,0.0,0.0,0.0
5.2,1.6,False,0.0,0.0,0.0
5.2,1.8,False,0.0,0.0,0.0
5.4,0.2,False,0.0,0.0,0.0
5.4,0.4,False,0.0,0.0,0.0
5.4,0.6000000000000001,False,0.0,0.0,0.0
5.4,0.8,False,0.0,0.0,0.0
5.4,1.0,False,0.0,0.0,0.0
5.4,1.2,False,0.0,0.0,0.0
5.4,1.4000000000000001,False,0.0,0.0,0.0
5.4,1.6,False,0.0,0.0,0.0
5.4,1.8,False,0.0,0.0,0.0
5.6000000000000005,0.2,False,0.0,0.0,0.0
5.6000000000000005,0.4,False,0.0,0.0,0.0
5.6000000000000005,0.6000000000000001,False,0.0,0.0,0.0
5.6000000000000005,0.8,False,0.0,0.0,0.0
5.6000000000000005,1.0,False,0.0,0.0,0.0
5.6000000000000005,1.2,False,0.0,0.0,0.0
5.6000000000000005,1.4000000000000001,False,0.0,0.0,0.0
5.6000000000000005,1.6,False,0.0,0.0,0.0
5.6000000000000005,1.8,False,0.0,0.0,0.0
5.800000000000001,0.2,False,0.0,0.0,0.0
5.800000000000001,0.4,False,0.0,0.0,0.0
5.800000000000001,0.6000000000000001,False,0.0,0.0,0.0
5.800000000000001,0.8,False,0.0,0.0,0.0
5.800000000000001,1.0,False,0.0,0.0,0.0
5.800000000000001,1.2,False,0.0,0.0,0.0
5.800000000000001,1.4000000000000001,False,0.0,0.0,0.0
5.800000000000001,1.6,False,0.0,0.0,0.0
5.800000000000001,1.8,False,0.0,0.0,0.0
6.000000000000001,0.2,False,0.0,0.0,0.0
6.000000000000001,0.4,False,0.0,0.0,0.0
6.000000000000001,0.6000000000000001,False,0.0,0.0,0.0
6.000000000000001,0.8,False,0.0,0.0,0.0
6.000000000000001,1.0,False,0.0,0.0,0.0
6.000000000000001,1.2,False,0.0,0.0,0.0
6.000000000000001,1.4000000000000001,False,0.0,0.0,0.0
6.000000000000001,1.6,False,0.0,0.0,0.0
6.000000000000001,1.8,False,0.0,0.0,0.0
6.2,0.2,False,0.0,0.0,0.0
6.2,0.4,False,0.0,0.0,0.0
6.2,0.6000000000000001,False,0.0,0.0,0.0
6.2,0.8,False,0.0,0.0,0.0
6.2,1.0,False,0.0,0.0,0.0
6.2,1.2,False,0.0,0.0,0.0
6.2,1.4000000000000001,False,0.0,0.0,0.0
6.2,1.6,False,0.0,0.0,0.0
6.2,1.8,False,0.0,0.0,0.0
6.4,0.2,False,0.0,0.0,0.0
6.4,0.4,False,0.0,0.0,0.0
6.4,0.6000000000000001,False,0.0,0.0,0.0
6.4,0.8,False,0.0,0.0,0.0
6.4,1.0,False,0.0,0.0,0.0
6.4,1.2,False,0.0,0.0,0.0
6.4,1.4000000000000001,False,0.0,0.0,0.0
6.4,1.6,False,0.0,0.0,0.0
6.4,1.8,False,0.0,0.0,0.0
6.6000000000000005,0.2,False,0.0,0.0,0.0
6.6000000000000005,0.4,False,0.0,0.0,0.0
6.6000000000000005,0.6000000000000001,False,0.0,0.0,0.0
6.6000000000000005,0.8,False,0.0,0.0,0.0
6.6000000000000005,1.0,False,0.0,0.0,0.0
6.6000000000000005,1.2,False,0.0,0.0,0.0
6.6000000000000005,1.4000000000000001,False,0.0,0.0,0.0
6.6000000000000005,1.6,False,0.0,0.0,0.0
6.6000000000000005,1.8,False,0.0,0.0,0.0
6.800000000000001,0.2,False,0.0,0.0,0.0
6.800000000000001,0.4,False,0.0,0.0,0.0
6.800000000000001,0.6000000000000001,False,0.0,0.0,0.0
6.800000000000001,0.8,False,0.0,0.0,0.0
6.800000000000001,1.0,False,0.0,0.0,0.0
6.800000000000001,1.2,False,0.0,0.0,0.0
6.800000000000001,1.4000000000000001,False,0.0,0.0,0.0
6.800000000000001,1.6,False,0.0,0.0,0.0
6.800000000000001,1.8,False,0.0,0.0,0.0
7.000000000000001,0.2,False,0.0,0.0,0.0
7.000000000000001,0.4,False,0.0,0.0,0.0
7.000000000000001,0.6000000000000001,False,0.0,0.0,0.0
7.000000000000001,0.8,False,0.0,0.0,0.0
7.000000000000001,1.0,False,0.0,0.0,0.0
7.000000000000001,1.2,False,0.0,0.0,0.0
7.000000000000001,1.4000000000000001,False,0.0,0.0,0.0
7.000000000000001,1.6,False,0.0,0.0,0.0
7.000000000000001,1.8,False,0.0,0.0,0.0
7.2,0.2,False,0.0,0.0,0.0
7.2,0.4,False,0.0,0.0,0.0
7.2,0.6000000000000001,False,0.0,0.0,0.0
7.2,0.8,False,0.0,0.0,0.0
7.2,1.0,False,0.0,0.0,0.0
7.2,1.2,False,0.0,0.0,0.0
7.2,1.4000000000000001,False,0.0,0.0,0.0
7.2,1.6,False,0.0,0.0,0.0
7.2,1.8,False,0.0,0.0,0.0
7.4,0.2,False,0.0,0.0,0.0
7.4,0.4,False,0.0,0.0,0.0
7.4,0.6000000000000001,False,0.0,0.0,0.0
7.4,0.8,False,0.0,0.0,0.0
7.4,1.0,False,0.0,0.0,0.0
7.4,1.2,False,0.0,0.0,0.0
7.4,1.4000000000000001,False,0.0,0.0,0.0
7.4,1.6,False,0.0,0.0,0.0
7.4,1.8,False,0.0,0.0,0.0
7.6000000000000005,0.2,False,0.0,0.0,0.0
7.6000000000000005,0.4,False,0.0,0.0,0.0
7.6000000000000005,0.6000000000000001,False,0.0,0.0,0.0
7.6000000000000005,0.8,False,0.0,0.0,0.0
7.6000000000000005,1.0,False,0.0,0.0,0.0
7.6000000000000005,1.2,False,0.0,0.0,0.0
7.6000000000000005,1.4000000000000001,False,0.0,0.0,0.0
7.6000000000000005,1.6,False,0.0,0.0,0.0
7.6000000000000005,1.8,False,0.0,0.0,0.0
7.800000000000001,0.2,False,0.0,0.0,0.0
7.800000000000001,0.4,False,0.0,0.0,0.0
7.800000000000001,0.6000000000000001,False,0.0,0.0,0.0
7.800000000000001,0.8,False,0.0,0.0,0.0
7.800000000000001,1.0,False,0.0,0.0,0.0
7.800000000000001,1.2,False,0.0,0.0,0.0
7.800000000000001,1.4000000000000001,False,0.0,0.0,0.0
7.800000000000001,1.6,False,0.0,0.0,0.0
7.800000000000001,1.8,False,0.0,0.0,0.0
8.0,0.2,False,0.0,0.0,0.0
8.0,0.4,False,0.0,0.0,0.0
8.0,0.6000000000000001,False,0.0,0.0,0.0
8.0,0.8,False,0.0,0.0,0.0
8.0,1.0,False,0.0,0.0,0.0
8.0,1.2,False,0.0,0.0,0.0
8.0,1.4000000000000001,False,0.0,0.0,0.0
8.0,1.6,False,0.0,0.0,0.0
8.0,1.8,False,0.0,0.0,0.0
8.2,0.2,False,0.0,0.0,0.0
8.2,0.4,False,0.0,0.0,0.0
8.2,0.6000000000000001,False,0.0,0.0,0.0
8.2,0.8,False,0.0,0.0,0.0
8.2,1.0,False,0.0,0.0,0.0
8.2,1.2,False,0.0,0.0,0.0
8.2,1.4000000000000001,False,0.0,0.0,0.0
8.2,1.6,False,0.0,0.0,0.0
8.2,1.8,False,0.0,0.0,0.0
8.4,0.2,False,0.0,0.0,0.0
8.4,0.4,False,0.0,0.0,0.0
8.4,0.6000000000000001,False,0.0,0.0,0.0
8.4,0.8,False,0.0,0.0,0.0
8.4,1.0,False,0.0,0.0,0.0
8.4,1.2,False,0.0,0.0,0.0
8.4,1.4000000000000001,False,0.0,0.0,0.0
8.4,1.6,False,0.0,0.0,0.0
8.4,1.8,False,0.0,0.0,0.0
8.6,0.2,False,0.0,0.0,0.0
8.6,0.4,False,0.0,0.0,0.0
8.6,0.6000000000000001,False,0.0,0.0,0.0
8.6,0.8,False,0.0,0.0,0.0
8.6,1.0,False,0.0,0.0,0.0
8.6,1.2,False,0.0,0.0,0.0
8.6,1.4000000000000001,False,0.0,0.0,0.0
8.6,1.6,False,0.0,0.0,0.0
8.6,1.8,False,0.0,0.0,0.0
8.799999999999999,0.2,False,0.0,0.0,0.0
8.799999999999999,0.4,False,0.0,0.0,0.0
8.799999999999999,0.6000000000000001,False,0.0,0.0,0.0
8.799999999999999,0.8,False,0.0,0.0,0.0
8.799999999999999,1.0,False,0.0,0.0,0.0
8.799999999999999,1.2,False,0.0,0.0,0.0
8.799999999999999,1.4000000000000001,False,0.0,0.0,0.0
8.799999999999999,1.6,False,0.0,0.0,0.0
8.799999999999999,1.8,False,0.0,0.0,0.0
9.0,0.2,False,0.0,0.0,0.0
9.0,0.4,False,0.0,0.0,0.0
9.0,0.6000000000000001,False,0.0,0.0,0.0
9.0,0.8,False,0.0,0.0,0.0
9.0,1.0,False,0.0,0.0,0.0
9.0,1.2,False,0.0,0.0,0.0
9.0,1.4000000000000001,False,0.0,0.0,0.0
9.0,1.6,False,0.0,0.0,0.0
9.0,1.8,False,0.0,0.0,0.0
9.2,0.2,False,0.0,0.0,0.0
9.2,0.4,False,0.0,0.0,0.0
9.2,0.6000000000000001,False,0.0,0.0,0.0
9.2,0.8,False,0.0,0.0,0.0
9.2,1.0,False,0.0,0.0,0.0
9.2,1.2,False,0.0,0.0,0.0
9.2,1.4000000000000001,False,0.0,0.0,0.0
9.2,1.6,False,0.0,0.0,0.0
9.2,1.8,False,0.0,0.0,0.0
9.4,0.2,False,0.0,0.0,0.0
9.4,0.4,False,0.0,0.0,0.0
9.4,0.6000000000000001,False,0.0,0.0,0.0
9.4,0.8,False,0.0,0.0,0.0
9.4,1.0,False,0.0,0.0,0.0
9.4,1.2,False,0.0,0.0,0.0
9.4,1.4000000000000001,False,0.0,0.0,0.0
9.4,1.6,False,0.0,0.0,0.0
9.4,1.8,False,0.0,0.0,0.0
9.6,0.2,False,0.0,0.0,0.0
9.6,0.4,False,0.0,0.0,0.0
9.6,0.6000000000000001,False,0.0,0.0,0.0
9.6,0.8,False,0.0,0.0,0.0
9.6,1.0,False,0.0,0.0,0.0
9.6,1.2,False,0.0,0.0,0.0
9.6,1.4000000000000001,False,0.0,0.0,0.0
9.6,1.6,False,0.0,0.0,0.0
9.6,1.8,False,0.0,0.0,0.0
9.8,0.2,False,0.0,0.0,0.0
9.8,0.4,False,0.0,0.0,0.0
9.8,0.6000000000000001,False,0.0,0.0,0.0
9.8,0.8,False,0.0,0.0,0.0
9.8,1.0,False,0.0,0.0,0.0
9.8,1.2,False,0.0,0.0,0.0
9.8,1.4000000000000001,False,0.0,0.0,0.0
9.8,1.6,False,0.0,0.0,0.0
9.8,1.8,False,0.0,0.0,0.0
10.0,0.2,False,0.0,0.0,0.0
10.0,0.4,False,0.0,0.0,0.0
10.0,0.6000000000000001,False,0.0,0.0,0.0
10.0,0.8,False,0.0,0.0,0.0
10.0,1.0,False,0.0,0.0,0.0
10.0,1.2,False,0.0,0.0,0.0
10.0,1.4000000000000001,False,0.0,0.0,0.0
10.0,1.6,False,0.0,0.0,0.0
10.0,1.8,False,0.0,0.0,0.0
10.2,0.2,False,0.0,0.0,0.0
10.2,0.4,False,0.0,0.0,0.0
10.2,0.6000000000000001,False,0.0,0.0,0.0
10.2,0.8,False,0.0,0.0,0.0
10.2,1.0,False,0.0,0.0,0.0
10.2,1.2,False,0.0,0.0,0.0
10.2,1.4000000000000001,False,0.0,0.0,0.0
10.2,1.6,False,0.0,0.0,0.0
10.2,1.8,False,0.0,0.0,0.0
10.4,0.2,False,0.0,0.0,0.0
10.4,0.4,False,0.0,0.0,0.0
10.4,0.6000000000000001,False,0.0,0.0,0.0
10.4,0.8,False,0.0,0.0,0.0
10.4,1.0,False,0.0,0.0,0.0
10.4,1.2,False,0.0,0.0,0.0
10.4,1.4000000000000001,False,0.0,0.0,0.0
10.4,1.6,False,0.0,0.0,0.0
10.4,1.8,False,0.0,0.0,0.0
10.6,0.2,False,0.0,0.0,0.0
10.6,0.4,False,0.0,0.0,0.0
10.6,0.6000000000000001,False,0.0,0.0,0.0
10.6,0.8,False,0.0,0.0,0.0
10.6,1.0,False,0.0,0.0,0.0
10.6,1.2,False,0.0,0.0,0.0
10.6,1.4000000000000001,False,0.0,0.0,0.0
10.6,1.6,False,0.0,0.0,0.0
10.6,1.8,False,0.0,0.0,0.0
10.8,0.2,False,0.0,0.0,0.0
10.8,0.4,False,0.0,0.0,0.0
10.8,0.6000000000000001,False,0.0,0.0,0.0
10.8,0.8,False,0.0,0.0,0.0
10.8,1.0,False,0.0,0.0,0.0
10.8,1.2,False,0.0,0.0,0.0
10.8,1.4000000000000001,False,0.0,0.0,0.0
10.8,1.6,False,0.0,0.0,0.0
10.8,1.8,False,0.0,0.0,0.0
11.0,0.2,False,0.0,0.0,0.0
11.0,0.4,False,0.0,0.0,0.0
11.0,0.6000000000000001,False,0.0,0.0,0.0
11.0,0.8,False,0.0,0.0,0.0
11.0,1.0,False,0.0,0.0,0.0
11.0,1.2,False,0.0,0.0,0.0
11.0,1.4000000000000001,False,0.0,0.0,0.0
11.0,1.6,False,0.0,0.0,0.0
11.0,1.8,False,0.0,0.0,0.0
11.2,0.2,False,0.0,0.0,0.0
11.2,0.4,False,0.0,0.0,0.0
11.2,0.6000000000000001,False,0.0,0.0,0.0
11.2,0.8,False,0.0,0.0,0.0
11.2,1.0,False,0.0,0.0,0.0
11.2,1.2,False,0.0,0.0,0.0
11.2,1.4000000000000001,False,0.0,0.0,0.0
11.2,1.6,False,0.0,0.0,0.0
11.2,1.8,False,0.0,0.0,0.0
11.4,0.2,False,0.0,0.0,0.0
11.4,0.4,False,0.0,0.0,0.0
11.4,0.6000000000000001,False,0.0,0.0,0.0
11.4,0.8,False,0.0,0.0,0.0
11.4,1.0,False,0.0,0.0,0.0
11.4,1.2,False,0.0,0.0,0.0
11.4,1.4000000000000001,False,0.0,0.0,0.0
11.4,1.6,False,0.0,0.0,0.0
11.4,1.8,False,0.0,0.0,0.0
11.6,0.2,False,0.0,0.0,0.0
11.6,0.4,False,0.0,0.0,0.0
11.6,0.6000000000000001,False,0.0,0.0,0.0
11.6,0.8,False,0.0,0.0,0.0
11.6,1.0,False,0.0,0.0,0.0
11.6,1.2,False,0.0,0.0,0.0
11.6,1.4000000000000001,False,0.0,0.0,0.0
11.6,1.6,False,0.0,0.0,0.0
11.6,1.8,False,0.0,0.0,0.0
11.8,0.2,False,0.0,0.0,0.0
11.8,0.4,False,0.0,0.0,0.0
11.8,0.6000000000000001,False,0.0,0.0,0.0
11.8,0.8,False,0.0,0.0,0.0
11.8,1.0,False,0.0,0.0,0.0
11.8,1.2,False,0.0,0.0,0.0
11.8,1.4000000000000001,False,0.0,0.0,0.0
11.8,1.6,False,0.0,0.0,0.0
11.8,1.8,False,0.0,0.0,0.0
12.0,0.2,False,0.0,0.0,0.0
12.0,0.4,False,0.0,0.0,0.0
12.0,0.6000000000000001,False,0.0,0.0,0.0
12.0,0.8,False,0.0,0.0,0.0
12.0,1.0,False,0.0,0.0,0.0
12.0,1.2,False,0.0,0.0,0.0
12.0,1.4000000000000001,False,0.0,0.0,0.0
12.0,1.6,False,0.0,0.0,0.0
12.0,1.8,False,0.0,0.0,0.0
12.2,0.2,False,0.0,0.0,0.0
12.2,0.4,False,0.0,0.0,0.0
12.2,0.6000000000000001,False,0.0,0.0,0.0
12.2,0.8,False,0.0,0.0,0.0
12.2,1.0,False,0.0,0.0,0.0
12.2,1.2,False,0.0,0.0,0.0
12.2,1.4000000000000001,False,0.0,0.0,0.0
12.2,1.6,False,0.0,0.0,0.0
12.2,1.8,False,0.0,0.0,0.0
12.4,0.2,False,0.0,0.0,0.0
12.4,0.4,False,0.0,0.0,0.0
12.4,0.6000000000000001,False,0.0,0.0,0.0
12.4,0.8,False,0.0,0.0,0.0
12.4,1.0,False,0.0,0.0,0.0
12.4,1.2,False,0.0,0.0,0.0
12.4,1.4000000000000001,False,0.0,0.0,0.0
12.4,1.6,False,0.0,0.0,0.0
12.4,1.8,False,0.0,0.0,0.0
12.6,0.2,False,0.0,0.0,0.0
12.6,0.4,False,0.0,0.0,0.0
12.6,0.6000000000000001,False,0.0,0.0,0.0
12.6,0.8,False,0.0,0.0,0.0
12.6,1.0,False,0.0,0.0,0.0
12.6,1.2,False,0.0,0.0,0.0
12.6,1.4000000000000001,False,0.0,0.0,0.0
12.6,1.6,False,0.0,0.0,0.0
12.6,1.8,False,0.0,0.0,0.0
12.8,0.2,False,0.0,0.0,0.0
12.8,0.4,False,0.0,0.0,0.0
12.8,0.6000000000000001,False,0.0,0.0,0.0
12.8,0.8,False,0.0,0.0,0.0
12.8,1.0,False,0.0,0.0,0.0
12.8,1.2,False,0.0,0.0,0.0
12.8,1.4000000000000001,False,0.0,0.0,0.0
12.8,1.6,False,0.0,0.0,0.0
12.8,1.8,False,0.0,0.0,0.0
13.0,0.2,False,0.0,0.0,0.0
13.0,0.4,False,0.0,0.0,0.0
13.0,0.6000000000000001,False,0.0,0.0,0.0
13.0,0.8,False,0.0,0.0,0.0
13.0,1.0,False,0.0,0.0,0.0
13.0,1.2,False,0.0,0.0,0.0
13.0,1.4000000000000001,False,0.0,0.0,0.0
13.0,1.6,False,0.0,0.0,0.0
13.0,1.8,False,0.0,0.0,0.0
13.2,0.2,False,0.0,0.0,0.0
13.2,0.4,False,0.0,0.0,0.0
13.2,0.6000000000000001,False,0.0,0.0,0.0
13.2,0.8,False,0.0,0.0,0.0
13.2,1.0,False,0.0,0.0,0.0
13.2,1.2,False,0.0,0.0,0.0
13.2,1.4000000000000001,False,0.0,0.0,0.0
13.2,1.6,False,0.0,0.0,0.0
13.2,1.8,False,0.0,0.0,0.0
13.4,0.2,False,0.0,0.0,0.0
13.4,0.4,False,0.0,0.0,0.0
13.4,0.6000000000000001,False,0.0,0.0,0.0
13.4,0.8,False,0.0,0.0,0.0
13.4,1.0,False,0.0,0.0,0.0
13.4,1.2,False,0.0,0.0,0.0
13.4,1.4000000000000001,False,0.0,0.0,0.0
13.4,1.6,False,0.0,0.0,0.0
13.4,1.8,False,0.0,0.0,0.0
13.6,0.2,False,0.0,0.0,0.0
13.6,0.4,False,0.0,0.0,0.0
13.6,0.6000000000000001,False,0.0,0.0,0.0
13.6,0.8,False,0.0,0.0,0.0
13.6,1.0,False,0.0,0.0,0.0
13.6,1.2,False,0.0,0.0,0.0
13.6,1.4000000000000001,False,0.0,0.0,0.0
13.6,1.6,False,0.0,0.0,0.0
13.6,1.8,False,0.0,0.0,0.0
13.8,0.2,False,0.0,0.0,0.0
13.8,0.4,False,0.0,0.0,0.0
13.8,0.6000000000000001,False,0.0,0.0,0.0
13.8,0.8,False,0.0,0.0,0.0
13.8,1.0,False,0.0,0.0,0.0
13.8,1.2,False,0.0,0.0,0.0
13.8,1.4000000000000001,False,0.0,0.0,0.0
13.8,1.6,False,0.0,0.0,0.0
13.8,1.8,False,0.0,0.0,0.0
14.0,0.2,False,0.0,0.0,0.0
14.0,0.4,False,0.0,0.0,0.0
14.0,0.6000000000000001,False,0.0,0.0,0.0
14.0,0.8,False,0.0,0.0,0.0
14.0,1.0,False,0.0,0.0,0.0
14.0,1.2,False,0.0,0.0,0.0
14.0,1.4000000000000001,False,0.0,0.0,0.0
14.0,1.6,False,0.0,0.0,0.0
14.0,1.8,False,0.0,0.0,0.0
14.2,0.2,False,0.0,0.0,0.0
14.2,0.4,False,0.0,0.0,0.0
14.2,0.6000000000000001,False,0.0,0.0,0.0
14.2,0.8,False,0.0,0.0,0.0
14.2,1.0,False,0.0,0.0,0.0
14.2,1.2,False,0.0,0.0,0.0
14.2,1.4000000000000001,False,0.0,0.0,0.0
14.2,1.6,False,0.0,0.0,0.0
14.2,1.8,False,0.0,0.0,0.0
14.4,0.2,False,0.0,0.0,0.0
14.4,0.4,False,0.0,0.0,0.0
14.4,0.6000000000000001,False,0.0,0.0,0.0
14.4,0.8,False,0.0,0.0,0.0
14.4,1.0,False,0.0,0.0,0.0
14.4,1.2,False,0.0,0.0,0.0
14.4,1.4000000000000001,False,0.0,0.0,0.0
14.4,1.6,False,0.0,0.0,0.0
14.4,1.8,False,0.0,0.0,0.0
14.6,0.2,False,0.0,0.0,0.0
14.6,0.4,False,0.0,0.0,0.0
14.6,0.6000000000000001,False,0.0,0.0,0.0
14.6,0.8,False,0.0,0.0,0.0
14.6,1.0,False,0.0,0.0,0.0
14.6,1.2,False,0.0,0.0,0.0
14.6,1.4000000000000001,False,0.0,0.0,0.0
14.6,1.6,False,0.0,0.0,0.0
14.6,1.8,False,0.0,0.0,0.0
14.8,0.2,False,0.0,0.0,0.0
14.8,0.4,False,0.0,0.0,0.0
14.8,0.6000000000000001,False,0.0,0.0,0.0
14.8,0.8,False,0.0,0.0,0.0
14.8,1.0,False,0.0,0.0,0.0
14.8,1.2,False,0.0,0.0,0.0
14.8,1.4000000000000001,False,0.0,0.0,0.0
14.8,1.6,False,0.0,0.0,0.0
14.8,1.8,False,0.0,0.0,0.0
15.0,0.2,False,0.0,0.0,0.0
15.0,0.4,False,0.0,0.0,0.0
15.0,0.6000000000000001,False,0.0,0.0,0.0
15.0,0.8,False,0.0,0.0,0.0
15.0,1.0,False,0.0,0.0,0.0
15.0,1.2,False,0.0,0.0,0.0
15.0,1.4000000000000001,False,0.0,0.0,0.0
15.0,1.6,False,0.0,0.0,0.0
15.0,1.8,False,0.0,0.0,0.0
15.2,0.2,False,0.0,0.0,0.0
15.2,0.4,False,0.0,0.0,0.0
15.2,0.6000000000000001,False,0.0,0.0,0.0
15.2,0.8,False,0.0,0.0,0.0
15.2,1.0,False,0.0,0.0,0.0
15.2,1.2,False,0.0,0.0,0.0
15.2,1.4000000000000001,False,0.0,0.0,0.0
15.2,1.6,False,0.0,0.0,0.0
15.2,1.8,False,0.0,0.0,0.0
15.4,0.2,False,0.0,0.0,0.0
15.4,0.4,False,0.0,0.0,0.0
15.4,0.6000000000000001,False,0.0,0.0,0.0
15.4,0.8,False,0.0,0.0,0.0
15.4,1.0,False,0.0,0.0,0.0
15.4,1.2,False,0.0,0.0,0.0
15.4,1.4000000000000001,False,0.0,0.0,0.0
15.4,1.6,False,0.0,0.0,0.0
15.4,1.8,False,0.0,0.0,0.0
15.6,0.2,False,0.0,0.0,0.0
15.6,0.4,False,0.0,0.0,0.0
15.6,0.6000000000000001,False,0.0,0.0,0.0
15.6,0.8,False,0.0,0.0,0.0
15.6,1.0,False,0.0,0.0,0.0
15.6,1.2,False,0.0,0.0,0.0
15.6,1.4000000000000001,False,0.0,0.0,0.0
15.6,1.6,False,0.0,0.0,0.0
15.6,1.8,False,0.0,0.0,0.0
15.8,0.2,False,0.0,0.0,0.0
15.8,0.4,False,0.0,0.0,0.0
15.8,0.6000000000000001,False,0.0,0.0,0.0
15.8,0.8,False,0.0,0.0,0.0
15.8,1.0,False,0.0,0.0,0.0
15.8,1.2,False,0.0,0.0,0.0
15.8,1.4000000000000001,False,0.0,0.0,0.0
15.8,1.6,False,0.0,0.0,0.0
15.8,1.8,False,0.0,0.0,0.0
16.0,0.2,False,0.0,0.0,0.0
16.0,0.4,False,0.0,0.0,0.0
16.0,0.6000000000000001,False,0.0,0.0,0.0
16.0,0.8,False,0.0,0.0,0.0
16.0,1.0,False,0.0,0.0,0.0
16.0,1.2,False,0.0,0.0,0.0
16.0,1.4000000000000001,False,0.0,0.0,0.0
16.0,1.6,False,0.0,0.0,0.0
16.0,1.8,False,0.0,0.0,0.0
16.2,0.2,False,0.0,0.0,0.0
16.2,0.4,False,0.0,0.0,0.0
16.2,0.6000000000000001,False,0.0,0.0,0.0
16.2,0.8,False,0.0,0.0,0.0
16.2,1.0,False,0.0,0.0,0.0
16.2,1.2,False,0.0,0.0,0.0
16.2,1.4000000000000001,False,0.0,0.0,0.0
16.2,1.6,False,0.0,0.0,0.0
16.2,1.8,False,0.0,0.0,0.0
16.4,0.2,False,0.0,0.0,0.0
16.4,0.4,False,0.0,0.0,0.0
16.4,0.6000000000000001,False,0.0,0.0,0.0
16.4,0.8,False,0.0,0.0,0.0
16.4,1.0,False,0.0,0.0,0.0
16.4,1.2,False,0.0,0.0,0.0
16.4,1.4000000000000001,False,0.0,0.0,0.0
16.4,1.6,False,0.0,0.0,0.0
16.4,1.8,False,0.0,0.0,0.0
16.6,0.2,False,0.0,0.0,0.0
16.6,0.4,False,0.0,0.0,0.0
16.6,0.6000000000000001,False,0.0,0.0,0.0
16.6,0.8,False,0.0,0.0,0.0
16.6,1.0,False,0.0,0.0,0.0
16.6,1.2,False,0.0,0.0,0.0
16.6,1.4000000000000001,False,0.0,0.0,0.0
16.6,1.6,False,0.0,0.0,0.0
16.6,1.8,False,0.0,0.0,0.0
16.8,0.2,False,0.0,0.0,0.0
16.8,0.4,False,0.0,0.0,0.0
16.8,0.6000000000000001,False,0.0,0.0,0.0
16.8,0.8,False,0.0,0.0,0.0
16.8,1.0,False,0.0,0.0,0.0
16.8,1.2,False,0.0,0.0,0.0
16.8,1.4000000000000001,False,0.0,0.0,0.0
16.8,1.6,False,0.0,0.0,0.0
16.8,1.8,False,0.0,0.0,0.0
17.0,0.2,False,0.0,0.0,0.0
17.0,0.4,False,0.0,0.0,0.0
17.0,0.6000000000000001,False,0.0,0.0,0.0
17.0,0.8,False,0.0,0.0,0.0
17.0,1.0,False,0.0,0.0,0.0
17.0,1.2,False,0.0,0.0,0.0
17.0,1.4000000000000001,False,0.0,0.0,0.0
17.0,1.6,False,0.0,0.0,0.0
17.0,1.8,False,0.0,0.0,0.0
17.2,0.2,False,0.0,0.0,0.0
17.2,0.4,False,0.0,0.0,0.0
17.2,0.6000000000000001,False,0.0,0.0,0.0
17.2,0.8,False,0.0,0.0,0.0
17.2,1.0,False,0.0,0.0,0.0
17.2,1.2,False,0.0,0.0,0.0
17.2,1.4000000000000001,False,0.0,0.0,0.0
17.2,1.6,False,0.0,0.0,0.0
17.2,1.8,False,0.0,0.0,0.0
17.4,0.2,False,0.0,0.0,0.0
17.4,0.4,False,0.0,0.0,0.0
17.4,0.6000000000000001,False,0.0,0.0,0.0
17.4,0.8,False,0.0,0.0,0.0
17.4,1.0,False,0.0,0.0,0.0
17.4,1.2,False,0.0,0.0,0.0
17.4,1.4000000000000001,False,0.0,0.0,0.0
17.4,1.6,False,0.0,0.0,0.0
17.4,1.8,False,0.0,0.0,0.0
17.6,0.2,False,0.0,0.0,0.0
17.6,0.4,False,0.0,0.0,0.0
17.6,0.6000000000000001,False,0.0,0.0,0.0
17.6,0.8,False,0.0,0.0,0.0
17.6,1.0,False,0.0,0.0,0.0
17.6,1.2,False,0.0,0.0,0.0
17.6,1.4000000000000001,False,0.0,0.0,0.0
17.6,1.6,False,0.0,0.0,0.0
17.6,1.8,False,0.0,0.0,0.0
17.8,0.2,False,0.0,0.0,0.0
17.8,0.4,False,0.0,0.0,0.0
17.8,0.6000000000000001,False,0.0,0.0,0.0
17.8,0.8,False,0.0,0.0,0.0
17.8,1.0,False,0.0,0.0,0.0
17.8,1.2,False,0.0,0.0,0.0
17.8,1.4000000000000001,False,0.0,0.0,0.0
17.8,1.6,False,0.0,0.0,0.0
17.8,1.8,False,0.0,0.0,0.0
18.0,0.2,False,0.0,0.0,0.0
18.0,0.4,False,0.0,0.0,0.0
18.0,0.6000000000000001,False,0.0,0.0,0.0
18.0,0.8,False,0.0,0.0,0.0
18.0,1.0,False,0.0,0.0,0.0
18.0,1.2,False,0.0,0.0,0.0
18.0,1.4000000000000001,False,0.0,0.0,0.0
18.0,1.6,False,0.0,0.0,0.0
18.0,1.8,False,0.0,0.0,0.0
18.2,0.2,False,0.0,0.0,0.0
18.2,0.4,False,0.0,0.0,0.0
18.2,0.6000000000000001,False,0.0,0.0,0.0
18.2,0.8,False,0.0,0.0,0.0
18.2,1.0,False,0.0,0.0,0.0
18.2,1.2,False,0.0,0.0,0.0
18.2,1.4000000000000001,False,0.0,0.0,0.0
18.2,1.6,False,0.0,0.0,0.0
18.2,1.8,False,0.0,0.0,0.0
18.4,0.2,False,0.0,0.0,0.0
18.4,0.4,False,0.0,0.0,0.0
18.4,0.6000000000000001,False,0.0,0.0,0.0
18.4,0.8,False,0.0,0.0,0.0
18.4,1.0,False,0.0,0.0,0.0
18.4,1.2,False,0.0,0.0,0.0
18.4,1.4000000000000001,False,0.0,0.0,0.0
18.4,1.6,False,0.0,0.0,0.0
18.4,1.8,False,0.0,0.0,0.0
18.6,0.2,False,0.0,0.0,0.0
18.6,0.4,False,0.0,0.0,0.0
18.6,0.6000000000000001,False,0.0,0.0,0.0
18.6,0.8,False,0.0,0.0,0.0
18.6,1.0,False,0.0,0.0,0.0
18.6,1.2,False,0.0,0.0,0.0
18.6,1.4000000000000001,False,0.0,0.0,0.0
18.6,1.6,False,0.0,0.0,0.0
18.6,1.8,False,0.0,0.0,0.0
18.8,0.2,False,0.0,0.0,0.0
18.8,0.4,False,0.0,0.0,0.0
18.8,0.6000000000000001,False,0.0,0.0,0.0
18.8,0.8,False,0.0,0.0,0.0
18.8,1.0,False,0.0,0.0,0.0
18.8,1.2,False,0.0,0.0,0.0
18.8,1.4000000000000001,False,0.0,0.0,0.0
18.8,1.6,False,0.0,0.0,0.0
18.8,1.8,False,0.0,0.0,0.0
19.0,0.2,False,0.0,0.0,0.0
19.0,0.4,False,0.0,0.0,0.0
19.0,0.6000000000000001,False,0.0,0.0,0.0
19.0,0.8,False,0.0,0.0,0.0
19.0,1.0,False,0.0,0.0,0.0
19.0,1.2,False,0.0,0.0,0.0
19.0,1.4000000000000001,False,0.0,0.0,0.0
19.0,1.6,False,0.0,0.0,0.0
19.0,1.8,False,0.0,0.0,0.0
19.2,0.2,False,0.0,0.0,0.0
19.2,0.4,False,0.0,0.0,0.0
19.2,0.6000000000000001,False,0.0,0.0,0.0
19.2,0.8,False,0.0,0.0,0.0
19.2,1.0,False,0.0,0.0,0.0
19.2,1.2,False,0.0,0.0,0.0
19.2,1.4000000000000001,False,0.0,0.0,0.0
19.2,1.6,False,0.0,0.0,0.0
19.2,1.8,False,0.0,0.0,0.0
19.400000000000002,0.2,False,0.0,0.0,0.0
19.400000000000002,0.4,False,0.0,0.0,0.0
19.400000000000002,0.6000000000000001,False,0.0,0.0,0.0
19.400000000000002,0.8,False,0.0,0.0,0.0
19.400000000000002,1.0,False,0.0,0.0,0.0
19.400000000000002,1.2,False,0.0,0.0,0.0
19.400000000000002,1.4000000000000001,False,0.0,0.0,0.0
19.400000000000002,1.6,False,0.0,0.0,0.0
19.400000000000002,1.8,False,0.0,0.0,0.0
19.6,0.2,False,0.0,0.0,0.0
19.6,0.4,False,0.0,0.0,0.0
19.6,0.6000000000000001,False,0.0,0.0,0.0
19.6,0.8,False,0.0,0.0,0.0
19.6,1.0,False,0.0,0.0,0.0
19.6,1.2,False,0.0,0.0,0.0
19.6,1.4000000000000001,False,0.0,0.0,0.0
19.6,1.6,False,0.0,0.0,0.0
19.6,1.8,False,0.0,0.0,0.0
19.8,0.2,False,0.0,0.0,0.0
19.8,0.4,False,0.0,0.0,0.0
19.8,0.6000000000000001,False,0.0,0.0,0.0
19.8,0.8,False,0.0,0.0,0.0
19.8,1.0,False,0.0,0.0,0.0
19.8,1.2,False,0.0,0.0,0.0
19.8,1.4000000000000001,False,0.0,0.0,0.0
19.8,1.6,False,0.0,0.0,0.0
19.8,1.8,False,0.0,0.0,0.0
0.2,2.0,False,0.0,0.0,0.0
0.2,2.2,False,0.0,0.0,0.0
0.2,2.4000000000000004,False,0.0,0.0,0.0
0.2,2.6000000000000005,False,0.0,0.0,0.0
0.2,2.8000000000000007,False,0.0,0.0,0.0
0.2,3.000000000000001,False,0.0,0.0,0.0
0.2,3.200000000000001,False,0.0,0.0,0.0
0.2,3.4000000000000012,False,0.0,0.0,0.0
0.2,3.6000000000000014,False,0.0,0.0,0.0
0.2,3.8000000000000016,False,0.0,0.0,0.0
0.2,4.000000000000002,False,0.0,0.0,0.0
0.2,4.200000000000002,False,0.0,0.0,0.0
0.2,4.400000000000002,False,0.0,0.0,0.0
0.2,4.600000000000002,False,0.0,0.0,0.0
0.2,4.8000000000000025,False,0.0,0.0,0.0
0.4,2.0,False,0.0,0.0,0.0
0.4,2.2,False,0.0,0.0,0.0
0.4,2.4000000000000004,False,0.0,0.0,0.0
0.4,2.6000000000000005,False,0.0,0.0,0.0
0.4,2.8000000000000007,False,0.0,0.0,0.0
0.4,3.000000000000001,False,0.0,0.0,0.0
0.4,3.200000000000001,False,0.0,0.0,0.0
0.4,3.4000000000000012,False,0.0,0.0,0.0
0.4,3.6000000000000014,False,0.0,0.0,0.0
0.4,3.8000000000000016,False,0.0,0.0,0.0
0.4,4.000000000000002,False,0.0,0.0,0.0
0.4,4.200000000000002,False,0.0,0.0,0.0
0.4,4.400000000000002,False,0.0,0.0,0.0
0.4,4.600000000000002,False,0.0,0.0,0.0
0.4,4.8000000000000025,False,0.0,0.0,0.0
0.6000000000000001,2.0,False,0.0,0.0,0.0
0.6000000000000001,2.2,False,0.0,0.0,0.0
0.6000000000000001,2.4000000000000004,False,0.0,0.0,0.0
0.6000000000000001,2.6000000000000005,False,0.0,0.0,0.0
0.6000000000000001,2.8000000000000007,False,0.0,0.0,0.0
0.6000000000000001,3.000000000000001,False,0.0,0.0,0.0
0.6000000000000001,3.200000000000001,False,0.0,0.0,0.0
0.6000000000000001,3.4000000000000012,False,0.0,0.0,0.0
0.6000000000000001,3.6000000000000014,False,0.0,0.0,0.0
0.6000000000000001,3.8000000000000016,False,0.0,0.0,0.0
0.6000000000000001,4.000000000000002,False,0.0,0.0,0.0
0.6000000000000001,4.200000000000002,False,0.0,0.0,0.0
0.6000000000000001,4.400000000000002,False,0.0,0.0,0.0
0.6000000000000001,4.600000000000002,False,0.0,0.0,0.0
0.6000000000000001,4.8000000000000025,False,0.0,0.0,0.0
0.8,2.0,False,0.0,0.0,0.0
0.8,2.2,False,0.0,0.0,0.0
0.8,2.4000000000000004,False,0.0,0.0,0.0
0.8,2.6000000000000005,False,0.0,0.0,0.0
0.8,2.8000000000000007,False,0.0,0.0,0.0
0.8,3.000000000000001,False,0.0,0.0,0.0
0.8,3.200000000000001,False,0.0,0.0,0.0
0.8,3.4000000000000012,False,0.0,0.0,0.0
0.8,3.6000000000000014,False,0.0,0.0,0.0
0.8,3.8000000000000016,False,0.0,0.0,0.0
0.8,4.000000000000002,False,0.0,0.0,0.0
0.8,4.200000000000002,False,0.0,0.0,0.0
0.8,4.400000000000002,False,0.0,0.0,0.0
0.8,4.600000000000002,False,0.0,0.0,0.0
0.8,4.8000000000000025,False,0.0,0.0,0.0
1.0,2.0,False,0.0,0.0,0.0
1.0,2.2,False,0.0,0.0,0.0
1.0,2.4000000000000004,False,0.0,0.0,0.0
1.0,2.6000000000000005,False,0.0,0.0,0.0
1.0,2.8000000000000007,False,0.0,0.0,0.0
1.0,3.000000000000001,False,0.0,0.0,0.0
1.0,3.200000000000001,False,0.0,0.0,0.0
1.0,3.4000000000000012,False,0.0,0.0,0.0
1.0,3.6000000000000014,False,0.0,0.0,0.0
1.0,3.8000000000000016,False,0.0,0.0,0.0
1.0,4.000000000000002,False,0.0,0.0,0.0
1.0,4.200000000000002,False,0.0,0.0,0.0
1.0,4.400000000000002,False,0.0,0.0,0.0
1.0,4.600000000000002,False,0.0,0.0,0.0
1.0,4.8000000000000025,False,0.0,0.0,0.0
1.2,2.0,False,0.0,0.0,0.0
1.2,2.2,False,0.0,0.0,0.0
1.2,2.4000000000000004,False,0.0,0.0,0.0
1.2,2.6000000000000005,False,0.0,0.0,0.0
1.2,2.8000000000000007,False,0.0,0.0,0.0
1.2,3.000000000000001,False,0.0,0.0,0.0
1.2,3.200000000000001,False,0.0,0.0,0.0
1.2,3.4000000000000012,False,0.0,0.0,0.0
1.2,3.6000000000000014,False,0.0,0.0,0.0
1.2,3.8000000000000016,False,0.0,0.0,0.0
1.2,4.000000000000002,False,0.0,0.0,0.0
1.2,4.200000000000002,False,0.0,0.0,0.0
1.2,4.400000000000002,False,0.0,0.0,0.0
1.2,4.600000000000002,False,0.0,0.0,0.0
1.2,4.8000000000000025,False,0.0,0.0,0.0
1.4000000000000001,2.0,False,0.0,0.0,0.0
1.4000000000000001,2.2,False,0.0,0.0,0.0
1.4000000000000001,2.4000000000000004,False,0.0,0.0,0.0
1.4000000000000001,2.6000000000000005,False,0.0,0.0,0.0
1.4000000000000001,2.8000000000000007,False,0.0,0.0,0.0
1.4000000000000001,3.000000000000001,False,0.0,0.0,0.0
1.4000000000000001,3.200000000000001,False,0.0,0.0,0.0
1.4000000000000001,3.4000000000000012,False,0.0,0.0,0.0
1.4000000000000001,3.6000000000000014,False,0.0,0.0,0.0
1.4000000000000001,3.8000000000000016,False,0.0,0.0,0.0
1.4000000000000001,4.000000000000002,False,0.0,0.0,0.0
1.4000000000000001,4.200000000000002,False,0.0,0.0,0.0
1.4000000000000001,4.400000000000002,False,0.0,0.0,0.0
1.4000000000000001,4.600000000000002,False,0.0,0.0,0.0
1.4000000000000001,4.8000000000000025,False,0.0,0.0,0.0
1.6,2.0,False,0.0,0.0,0.0
1.6,2.2,False,0.0,0.0,0.0
1.6,2.4000000000000004,False,0.0,0.0,0.0
1.6,2.6000000000000005,False,0.0,0.0,0.0
1.6,2.8000000000000007,False,0.0,0.0,0.0
1.6,3.000000000000001,False,0.0,0.0,0.0
1.6,3.200000000000001,False,0.0,0.0,0.0
1.6,3.4000000000000012,False,0.0,0.0,0.0
1.6,3.6000000000000014,False,0.0,0.0,0.0
1.6,3.8000000000000016,False,0.0,0.0,0.0
1.6,4.000000000000002,False,0.0,0.0,0.0
1.6,4.200000000000002,False,0.0,0.0,0.0
1.6,4.400000000000002,False,0.0,0.0,0.0
1.6,4.600000000000002,False,0.0,0.0,0.0
1.6,4.8000000000000025,False,0.0,0.0,0.0
1.8,2.0,False,0.0,0.0,0.0
1.8,2.2,False,0.0,0.0,0.0
1.8,2.4000000000000004,False,0.0,0.0,0.0
1.8,2.6000000000000005,False,0.0,0.0,0.0
1.8,2.8000000000000007,False,0.0,0.0,0.0
1.8,3.000000000000001,False,0.0,0.0,0.0
1.8,3.200000000000001,False,0.0,0.0,0.0
1.8,3.4000000000000012,False,0.0,0.0,0.0
1.8,3.6000000000000014,False,0.0,0.0,0.0
1.8,3.8000000000000016,False,0.0,0.0,0.0
1.8,4.000000000000002,False,0.0,0.0,0.0
1.8,4.200000000000002,False,0.0,0.0,0.0
1.8,4.400000000000002,False,0.0,0.0,0.0
1.8,4.600000000000002,False,0.0,0.0,0.0
1.8,4.8000000000000025,False,0.0,0.0,0.0
2.0,2.0,False,0.0,0.0,0.0
2.0,2.2,False,0.0,0.0,0.0
2.0,2.4000000000000004,False,0.0,0.0,0.0
2.0,2.6000000000000005,False,0.0,0.0,0.0
2.0,2.8000000000000007,False,0.0,0.0,0.0
2.0,3.000000000000001,False,0.0,0.0,0.0
2.0,3.200000000000001,False,0.0,0.0,0.0
2.0,3.4000000000000012,False,0.0,0.0,0.0
2.0,3.6000000000000014,False,0.0,0.0,0.0
2.0,3.8000000000000016,False,0.0,0.0,0.0
2.0,4.000000000000002,False,0.0,0.0,0.0
2.0,4.200000000000002,False,0.0,0.0,0.0
2.0,4.400000000000002,False,0.0,0.0,0.0
2.0,4.600000000000002,False,0.0,0.0,0.0
2.0,4.8000000000000025,False,0.0,0.0,0.0
2.2,2.0,False,0.0,0.0,0.0
2.2,2.2,False,0.0,0.0,0.0
2.2,2.4000000000000004,False,0.0,0.0,0.0
2.2,2.6000000000000005,False,0.0,0.0,0.0
2.2,2.8000000000000007,False,0.0,0.0,0.0
2.2,3.000000000000001,False,0.0,0.0,0.0
2.2,3.200000000000001,False,0.0,0.0,0.0
2.2,3.4000000000000012,False,0.0,0.0,0.0
2.2,3.6000000000000014,False,0.0,0.0,0.0
2.2,3.8000000000000016,False,0.0,0.0,0.0
2.2,4.000000000000002,False,0.0,0.0,0.0
2.2,4.200000000000002,False,0.0,0.0,0.0
2.2,4.400000000000002,False,0.0,0.0,0.0
2.2,4.600000000000002,False,0.0,0.0,0.0
2.2,4.8000000000000025,False,0.0,0.0,0.0
2.4000000000000004,2.0,False,0.0,0.0,0.0
2.4000000000000004,2.2,False,0.0,0.0,0.0
2.4000000000000004,2.4000000000000004,False,0.0,0.0,0.0
2.4000000000000004,2.6000000000000005,False,0.0,0.0,0.0
2.4000000000000004,2.8000000000000007,False,0.0,0.0,0.0
2.4000000000000004,3.000000000000001,False,0.0,0.0,0.0
2.4000000000000004,3.200000000000001,False,0.0,0.0,0.0
2.4000000000000004,3.4000000000000012,False,0.0,0.0,0.0
2.4000000000000004,3.6000000000000014,False,0.0,0.0,0.0
2.4000000000000004,3.8000000000000016,False,0.0,0.0,0.0
2.4000000000000004,4.000000000000002,False,0.0,0.0,0.0
2.4000000000000004,4.200000000000002,False,0.0,0.0,0.0
2.4000000000000004,4.400000000000002,False,0.0,0.0,0.0
2.4000000000000004,4.600000000000002,False,0.0,0.0,0.0
2.4000000000000004,4.8000000000000025,False,0.0,0.0,0.0
2.6000000000000005,2.0,False,0.0,0.0,0.0
2.6000000000000005,2.2,False,0.0,0.0,0.0
2.6000000000000005,2.4000000000000004,False,0.0,0.0,0.0
2.6000000000000005,2.6000000000000005,False,0.0,0.0,0.0
2.6000000000000005,2.8000000000000007,False,0.0,0.0,0.0
2.6000000000000005,3.000000000000001,False,0.0,0.0,0.0
2.6000000000000005,3.200000000000001,False,0.0,0.0,0.0
2.6000000000000005,3.4000000000000012,False,0.0,0.0,0.0
2.6000000000000005,3.6000000000000014,False,0.0,0.0,0.0
2.6000000000000005,3.8000000000000016,False,0.0,0.0,0.0
2.6000000000000005,4.000000000000002,False,0.0,0.0,0.0
2.6000000000000005,4.200000000000002,False,0.0,0.0,0.0
2.6000000000000005,4.400000000000002,False,0.0,0.0,0.0
2.6000000000000005,4.600000000000002,False,0.0,0.0,0.0
2.6000000000000005,4.8000000000000025,False,0.0,0.0,0.0
2.8000000000000003,2.0,False,0.0,0.0,0.0
2.8000000000000003,2.2,False,0.0,0.0,0.0
2.8000000000000003,2.4000000000000004,False,0.0,0.0,0.0
2.8000000000000003,2.6000000000000005,False,0.0,0.0,0.0
2.8000000000000003,2.8000000000000007,False,0.0,0.0,0.0
2.8000000000000003,3.000000000000001,False,0.0,0.0,0.0
2.8000000000000003,3.200000000000001,False,0.0,0.0,0.0
2.8000000000000003,3.4000000000000012,False,0.0,0.0,0.0
2.8000000000000003,3.6000000000000014,False,0.0,0.0,0.0
2.8000000000000003,3.8000000000000016,False,0.0,0.0,0.0
2.8000000000000003,4.000000000000002,False,0.0,0.0,0.0
2.8000000000000003,4.200000000000002,False,0.0,0.0,0.0
2.8000000000000003,4.400000000000002,False,0.0,0.0,0.0
2.8000000000000003,4.600000000000002,False,0.0,0.0,0.0
2.8000000000000003,4.8000000000000025,False,0.0,0.0,0.0
